videoId,publishedAt,title,description,creator
4f6QbZVr57w,2025-08-22T17:11:37Z,All about that bass | #iconoftheseas |  #staroftheseas,,@CruisesRoomsReviews
ID_GnhIdWaA,2025-08-19T23:16:59Z,Yacht Club Duplex Suite Tour & Review | MSC Meraviglia | Suite 12003 | MSC | CR&R,"Check out this Yacht Club Duplex Suite on the MSC Meraiglia, Suite 12003 and see our in-depth overview of this 2 level room!  This is one of the nicest rooms we have stayed in on any ship - but would we stay in it again?  Check it out...  #mscmeraviglia  #msccruises",@CruisesRoomsReviews
SF_N7OrzoJo,2025-08-16T15:43:20Z,Iconic Steps | Icon of the Seas | Royal Caribbean,,@CruisesRoomsReviews
CnyKGy6JMmM,2025-06-20T23:28:29Z,"MSC Meraviglia - Stern to Bow | MSC Cruises | Meraviglia Class | Cruises, Rooms & Reviews",How long does it take to get from the stern (rear) of the MSC Meraviglia to the bow (front)?    Join us as we take a walking tour of the top decks on this massive cruise ship and answer that question!!  #mscmeraviglia  #msccruise,@CruisesRoomsReviews
GbumLOJKc8g,2025-05-27T00:08:40Z,Icon of the Seas Ship Tour | Thrill & Chill Islands | Icon Class | Royal Caribbean | CR&R,"Welcome to Part 3 of our Icon of the Seas Ship Tour - focusing on the Thrill and Chill Island neighborhoods, along with the Hideaway. You can find the most relaxing pools at Chill - and then jump on the craziest waterslides at Thrill. Check it out!  #royalcaribbean  #iconoftheseas  #iconclass",@CruisesRoomsReviews
jggxQ6BTAj8,2025-03-05T12:01:10Z,Aft Junior Suite Room Tour & Review | Vision of the Seas | Aft Balcony 8588 | Royal Caribbean | CR&R,Check out Vision of the Seas Aft Junior Suite 8588 and see our in-depth overview of this room.  This may be the best balcony on the ship...but would we book this room again?  Check it out...  #visionoftheseas #royalcaribbean,@CruisesRoomsReviews
QYn6wX_ZW7U,2025-01-28T23:57:09Z,Odyssey of the Seas | Balcony Room 13134 Tour & Review | Royal Caribbean | Cruises Rooms & Reviews,Check out Odyssey of the Seas Ocean View Balcony Stateroom 13134 and see our in-depth overview of this room.  Would we stay in it again?   Check it out...  #royalcaribbean  #odysseyoftheseas,@CruisesRoomsReviews
g__wxMXH_DU,2025-01-01T20:51:38Z,"Utopia of the Seas - Stern to Bow | Royal Caribbean | Oasis Class | Cruises, Rooms & Reviews","How long does it take to get from the stern (rear) of Royal Caribbean's newest ship, Utopia of the Seas, to the bow (front)?    Join us as we take a walking tour of the top decks on this massive cruise ship and answer that question!!  #utopiaoftheseas  #royalcaribbean",@CruisesRoomsReviews
MXBa0aslWMw,2025-01-01T05:19:40Z,2025 New Years Balloon Drop | Vision of the Seas | #royalcaribbean,,@CruisesRoomsReviews
fXLDm8pjspk,2024-12-26T21:45:44Z,Icon of the Seas Ship Tour | Aquadome Neighborhood | Icon Class | Royal Caribbean | CR&R,"Welcome to Part 2 of our Icon of the Seas Ship Tour - focusing on the Aquadome neighborhood.  The Aquadome is a multi-use area, featuring shopping, food, bars and the most unique theater at sea.  Check it out!  #royalcaribbean #iconoftheseas  #iconclass",@CruisesRoomsReviews
Td03suNYY2o,2024-12-08T12:00:34Z,Icon of the Seas Ship Tour | Surfside Neighborhood | Icon Class | Royal Caribbean | CR&R,"Welcome to Part 1 of our Icon of the Seas Ship Tour - focusing on the Surfside neighborhood.  Surfside is a family focused neighborhood, with dining, shopping and fun for the kids.  Check it out!  #royalcaribbean  #iconoftheseas  #iconclass",@CruisesRoomsReviews
lEGESy5SgmM,2024-11-25T23:18:56Z,Wonder of the Seas | Balcony Room 14200 Tour & Review | Royal Caribbean | Cruises Rooms & Reviews,Check out Wonder of the Seas Ocean View Balcony Stateroom 14200 and see our in-depth overview of this room.  Would we stay in it again?   Check it out...  #royalcaribbean  #wonderoftheseas,@CruisesRoomsReviews
EjP_EDyCx1A,2024-11-18T00:39:50Z,Utopia of the Seas | Balcony Room 10260 Tour & Review | Royal Caribbean | Cruises Rooms & Reviews,#utopiaoftheseas is Royal Caribbean's newest ship - how are it's staterooms??  Check out Utopia of the Seas Ocean View Balcony Stateroom 10260 and see our in-depth overview of this room.  Would we stay in it again?   Check it out...  #royalcaribbean  #utopiaoftheseas,@CruisesRoomsReviews
SXz1b9ZztTM,2024-10-22T22:00:18Z,Large Balcony Room Tour & Review | Icon of the Seas | Balcony 12340 | Royal Caribbean | CR&R,Continuing with our video series on Icon of the Seas.  Check out Icon of the Seas Ocean View Stateroom with Large Balcony 12340 and see our in-depth overview of this room.  Royal complete updated the design of it's balcony room.  We do an in depth overview and let you know what we really like...and what we really didn't.  Check it out...  #iconoftheseas  #royalcaribbean,@CruisesRoomsReviews
PBfKkoPLQAw,2024-10-01T00:38:02Z,Aft Balcony Room Tour & Review | Vision of the Seas | Aft Balcony 7152 | Royal Caribbean | CR&R,Check out Vision of the Seas Aft Balcony 7152 and see our in-depth overview of this room.  This may have one of the best non-suite balconies out there - but would we stay in this room again???  Check it out...  #visionoftheseas #royalcaribbean,@CruisesRoomsReviews
xNeFBI7rFH0,2024-09-09T00:40:10Z,"Icon of the Seas - Stern to Bow | Royal Caribbean | Icon Class | Cruises, Rooms & Reviews",This is the first of our series of videos about the largest cruise ship in the world - Icon of the Seas!  How long does it take to get from the stern (rear) of Icon of the Seas to the bow (front)?    Join us as we take a walking tour of the top decks on this massive cruise ship and answer that question!!     #iconoftheseas  #royalcaribbean,@CruisesRoomsReviews
nGE9-Vlc3XA,2024-08-29T21:09:06Z,Iconic Model | Icon of the Seas | Royal Caribbean,,@CruisesRoomsReviews
tDmui732CjA,2024-08-11T04:00:37Z,Balcony Room Tour & Review | Liberty of the Seas | Balcony 7268 | Royal Caribbean | CR&R,Check out Liberty of the Seas balcony room 7268 and see our in-depth overview of this room.  Would we stay in this room???  #libertyoftheseas #royalcaribbean,@CruisesRoomsReviews
u_X_DRDarJM,2024-08-07T21:33:15Z,Harmony of the Seas Full Ship Tour | Neighborhoods and more! | Oasis Class | Royal Caribbean,Welcome to our full ship tour of Royal Caribbean's Harmony of the Seas.  We will cover all the neighborhoods and everything else on the ship not in a neighborhood.  Check it out!  #royalcaribbean  #harmonyoftheseas  #oasisclass,@CruisesRoomsReviews
xXSGCrVBPqU,2024-07-30T00:02:22Z,"Odyssey of the Seas - Stern to Bow | Royal Caribbean | Quantum Class | Cruises, Rooms & Reviews",How long does it take to get from the stern (rear) of Odyssey of the Seas to the bow (front)?    Join us as we take a walking tour of the top decks on this large cruise ship and answer that question!!     #odysseyoftheseas  #royalcaribbean,@CruisesRoomsReviews
6FL_sJs2o6I,2024-07-21T16:56:04Z,Interior Room Tour & Review | Liberty of the Seas | Interior 6473| Royal Caribbean | CR&R,Check out Liberty of the Seas interior room 6473 and see our in-depth overview of this room.  Would we stay in this room???  #libertyoftheseas  #royalcaribbean,@CruisesRoomsReviews
vAIUxYmhUSo,2024-07-16T00:02:11Z,"Liberty of the Seas Full Ship Tour | Royal Caribbean | Freedom Class | Cruises, Rooms & Reviews","Welcome to a full ship tour of Liberty of the Seas, the last of the Freedom Class cruise ships from Royal Caribbean.  Come explore the ship with us from the bottom to the top and also find out the feature that makes Liberty unique from every other ship in the Royal fleet.  Let's check it out.  #libertyoftheseas  #royalcaribbean",@CruisesRoomsReviews
dC561fIKu3U,2024-02-11T17:31:34Z,"Vision of the Seas - Stern to Bow | Royal Caribbean | Vision Class | Cruises, Rooms & Reviews",How long does it take to get from the stern (rear) of Vision of the Seas to the bow (front)?    Join us as we take a walking tour of the top deck on this cruise ship and answer that question!!  #visionoftheseas #royalcaribbean,@CruisesRoomsReviews
FFQ9-wILAWk,2024-01-28T19:15:07Z,Harmony of the Seas Ship Tour | Part 6 - Everything Else! | Oasis Class | Royal Caribbean,Not everything is in a neighborhood!  Welcome to Part 6 of our Harmony of the Seas Ship Tour - focusing on the ship venues not found in the neighborhoods.    Check it out!  #royalcaribbean  #harmonyoftheseas  #oasisclass,@CruisesRoomsReviews
7os9yIY4K1M,2024-01-07T22:52:54Z,Ultra Spacious Stateroom w/ Large Balcony | Allure of the Seas | 7730 | Royal Caribbean,This is one of the most uniquely laid out balcony (non-suite) staterooms we have ever stayed in.  This room had some really great features - but would we stay in in again?  Check it out!!,@CruisesRoomsReviews
bgsky72crO0,2024-01-05T14:12:46Z,"Cruise Chat with Susie Freckles! - Hosted by Matt from Cruises, Rooms & Reviews!","Join us for the first episode of Cruise Chat with Susie Freckles.  Get to know Susie, the founder of the ""For the Love of Cruising"" groups on Facebook, discuss recent cruise news and also get your own questions answered!   Hosted by Matt from Cruises, Rooms & Reviews!",@CruisesRoomsReviews
bz6ZND35E-k,2023-12-18T01:46:03Z,Harmony of the Seas Ship Tour | The Royal Promenade | Oasis Class | Royal Caribbean,"Welcome to Part 5 of our Harmony of the Seas Ship Tour - focusing on the Royal Promenade.  This is your indoor shopping mall on Harmony, with shops, bars and lots of fun activities.  Check it out!  #royalcaribbean #harmonyoftheseas  #oasisclass",@CruisesRoomsReviews
pj2cj-Yfkd0,2023-12-10T21:42:42Z,Junior Suite - Anthem of the Seas - 10224 | Royal Caribbean | Cruises Room & Reviews,"CR&R is back with another room review.  This is room 10224, a Junior Suite, on Anthem of the Seas.  Check out why I say this room has the ""Power of 2"" and if we would stay in it again!",@CruisesRoomsReviews
YiZsdRJDRgw,2023-11-13T02:13:44Z,"Cruises, Rooms & Reviews Live Stream",,@CruisesRoomsReviews
gF3w2sl42Wg,2023-11-12T18:49:32Z,Harmony of the Seas Ship Tour | Pool Deck Neighborhood | Oasis Class | Royal Caribbean,Welcome to Part 4 of our Harmony of the Seas Ship Tour - focusing on the Pool Deck neighborhood.  Harmony was one of Royal Caribbean's first ships with a waterpark!  Check it out!  #royalcaribbean  #harmonyoftheseas  #oasisclass,@CruisesRoomsReviews
HVx5w46ffY4,2023-11-05T15:05:48Z,Harmony of the Seas Ship Tour | Entertainment Place Neighborhood | Oasis Class | Royal Caribbean,"Welcome to Part 3 of our Harmony of the Seas Ship Tour - focusing on the Entertainment Place neighborhood.  Entertainment Place is home to much of the ships indoor entertainment including casinos, clubs and broadway shows!  Check it out!  #royalcaribbean  #harmonyoftheseas  #oasisclass",@CruisesRoomsReviews
Dy_bblpz7Cw,2023-10-15T17:46:19Z,Harmony of the Seas Ship Tour | Central Park Neighborhood | Oasis Class | Royal Caribbean,"Welcome to Part 2 of our Harmony of the Seas Ship Tour - focusing on the Central Park neighborhood.  Central Park is a beautiful, plant filled area in the middle of the ship on deck 8.  There is shopping, upscale restaurants and bars to enjoy.  Check it out!  #royalcaribbean  #harmonyoftheseas  #oasisclass",@CruisesRoomsReviews
rymuHKqkVzQ,2023-10-08T17:39:11Z,Harmony of the Seas Ship Tour | Boardwalk Neighborhood | Oasis Class | Royal Caribbean,"Welcome to Part 1 of our Harmony of the Seas Ship Tour - focusing on the Boardwalk neighborhood.  The Boardwalk is a family focused neighborhood, with dining, shopping and fun activities including the most unique theater at sea.  Check it out!  #royalcaribbean  #harmonyoftheseas  #oasisclass",@CruisesRoomsReviews
tAOofAYdMRA,2023-09-17T19:52:49Z,"Liberty of the Seas - Stern to Bow | Royal Caribbean | Freedom Class | Cruises, Rooms & Reviews","How long does it take to get from the stern (rear) of Liberty of the Seas to the bow (front)?  Especially when it's raining!    Join us as we take a walking tour, in the rain, of the top deck on this big cruise ship and answer that question!!",@CruisesRoomsReviews
_VRo-EpmV74,2023-09-09T14:53:51Z,Icon of the Seas Exclusive! | Truth or Consequences Game Show | Royal Caribbean | Sneak Preview,"Recently, on an Allure of the Seas sailing - we were given an exclusive, one time only preview of a new game show that will debut on Icon of the Seas called Truth or Consequences.  This was a one time pilot to test run the game before the debut in January.  This is the full, end to end, mostly uncut version of this video showing you every detail of the game.  We are also producing a shorter, abbreviated version of the show also.  If you can't sit though a full hour of a game show, please look at that video https://youtu.be/wb78iLpvUvo  Check it out!",@CruisesRoomsReviews
wb78iLpvUvo,2023-09-09T14:53:23Z,Icon of the Seas Exclusive! | Truth or Consequences Game Show | Royal Caribbean | Sneak Preview A,"Recently, on an Allure of the Seas sailing - we were given an exclusive, one time only preview of a new game show that will debut on Icon of the Seas called Truth or Consequences.  This was a one time pilot to test run the game before the debut in January.  This is an edited, abbreviated version of this video - showing all the main parts, but reducing the watch time from well over the full hour long show to just a bit over 20 minutes.    If you want to see everything end to end - please look for the full, unedited video here: https://youtu.be/_VRo-EpmV74  Check it out!",@CruisesRoomsReviews
zjdeJpn_9LA,2023-08-26T16:54:45Z,Ultra Spacious Ocean View w Balcony | #allureoftheseas | 7730 | Cruise Room in Under 60 Seconds,,@CruisesRoomsReviews
gW1-b7kqOpk,2023-08-23T01:31:17Z,Close but not an Aqua Suite | Royal Caribbean | Allure of the Seas | #royalcaribbean,,@CruisesRoomsReviews
WIKz4Yd6C98,2023-08-14T00:00:11Z,Balcony Room Tour & Review | Liberty of the Seas | Balcony 7270 | Royal Caribbean | CR&R,Check out Liberty of the Seas balcony room 7270 and see our in-depth overview of this room.  Would we stay in this room???  #libertyoftheseas  #royalcaribbean,@CruisesRoomsReviews
Gbt6pORP-XM,2023-08-06T19:09:12Z,"Freedom of the Seas - Stern to Bow | Royal Caribbean | Freedom Class | Cruises, Rooms & Reviews",How long does it take to get from the stern (rear) of Freedom of the Seas to the bow (front)?  Let's take a walking tour of the top deck on this big cruise ship and answer that question!!,@CruisesRoomsReviews
G8eb8WJh0MI,2023-07-31T00:03:28Z,"Freedom of the Seas Ship Tour | Royal Caribbean | Freedom Class | Cruises, Rooms & Reviews","Check out this tour of Freedom of the Seas, the first ship in Royal Caribbean's Freedom class.   Join us for a deck by deck overview - from the very bottom to the very top.",@CruisesRoomsReviews
Rn1rKvFiGiQ,2023-07-30T20:07:52Z,"Tidal Wave | Liberty of the Seas | Royal Caribbean | Cruises, Rooms & Reviews | #royalcaribbean",,@CruisesRoomsReviews
3ruHn6kQXZ4,2023-07-16T18:00:02Z,"Where are all the outlets?? | Cruise Hacks | Royal Caribbean | Cruises, Rooms & Reviews","Two years ago we posted version 1 of this video where we showed you how we deal with limited electric outlets in a cruise ship room, especially on older ships!  Well - we have updated the charging devices over time and wanted to bring you version 2!!  We will even show how to charge your phone bedside when there is no outlet available.  Check it out!  Devices used in this video (Note: these are affiliate links, which means I make a small commission if you purchase the product.  There is no extra cost you.) Belkin 3 -Outlet Mini Surge Protector w/ USB Ports: https://amzn.to/46OwpAd Apple MagSafe Duo: https://amzn.to/3XTJ2pC Anker Nano 65W: https://amzn.to/3Q22Q8i Vitar 6-in-1 European Travel Plug Adapter: https://amzn.to/44qIDgZ Anker MagGo 621 Wireless Power Bank: https://amzn.to/43s37nZ  Link to the original video: https://youtu.be/ycui1zoFqu8",@CruisesRoomsReviews
cYCQHRHUQKs,2023-07-09T23:00:27Z,Balcony Room Tour & Review | Liberty of the Seas | Balcony 7266 | Royal Caribbean | CR&R,Check out Liberty of the Seas balcony room 7266 and see our in-depth overview of this room.  Would we stay in this room again???  You may be surprised at the answer...  #libertyoftheseas  #royalcaribbean,@CruisesRoomsReviews
7cxH3-O5O8k,2023-07-08T20:03:55Z,"MDR Dancing | Liberty of the Seas | Royal Caribbean | Cruises, Rooms & Reviews",,@CruisesRoomsReviews
EF64mdFu_kM,2023-06-25T14:48:13Z,"Flowriding Kiddo | Royal Caribbean | Liberty of the Seas | Pinnacle Ryan | Cruises, Rooms & Reviews",,@CruisesRoomsReviews
BLZXysm2u_0,2023-06-08T01:00:02Z,"Streaming on Royal Caribbean TVs | Cruise Hacks | Royal Caribbean | Oasis | Cruises, Rooms & Reviews","Have you ever wanted to plug a device (Smart Phone / Tablet / Computer / Streaming Device) into a TV on a Royal Caribbean ship, but were not able to switch the input to the HDMI port because the TV controls were locked down?  If so - this video is for you.  We found a hack when sailing on Oasis of the Seas - and it should work on other ships that use a similar operating system on the TVs.  NOTE: This hack does NOT require you bring a Samsung or universal remote with you.  It is done with the TV and the remote on the ship.    This worked for us - hopefully it works for you!  Please Note: This video was filmed before the introduction of StarLink on Oasis of the Seas - therefore the actual streaming quality may not be what you see today on most Royal ships.  This has no impact on the connection of your device to the Royal TV.",@CruisesRoomsReviews
kjm9bibnlHc,2023-06-06T00:48:47Z,Best Balcony Room Ever??? | Independence of the Seas | Balcony 7408 | Royal Caribbean | CR&R,This may be the best balcony room we've ever stayed in.  And it's all about the balcony for sure!  Come check out room 7408 on Independence of the Seas and find out why we loved it so much.    Would we stay in this room again???  I think you already know the answer to that...,@CruisesRoomsReviews
iemsh8SEcbc,2023-05-29T02:43:31Z,"Nassau New Cruise Port Opening Tour!! | Live Stream | Cruises, Rooms & Reviews","Hi all, Please join @CruisesRoomsReviews  as we do a live-streamed tour of the new Nassau tour facilities that are opening this weekend!  This will be ours and yours first look at the new facilities they have been working on for the past two years.  Join us as we find out what Nassau has created for it's cruising visitors.   Will do our best to start this live-stream at 10am or shortly thereafter.",@CruisesRoomsReviews
Cphu2ly6l-4,2023-05-28T00:24:42Z,Anaconda!! | Izumi Hibachi | #royalcaribbean,,@CruisesRoomsReviews
Sb6tSPupvoI,2023-05-27T15:33:54Z,"Sky Pad - What Happened to You?? | Royal Caribbean | Cruises, Rooms & Reviews | #royalcaribbean",,@CruisesRoomsReviews
TA-7z94mLso,2023-05-21T22:00:09Z,"Harmony of the Seas - Stern to Bow | Royal Caribbean | Oasis Class | Cruises, Rooms & Reviews",How long does it take to get from the stern (rear) of Harmony of the Seas to the Bow (front)?  Let's take a walking tour of the top deck on this massive ship and answer that question!!,@CruisesRoomsReviews
jaLaRuypQ1I,2023-05-01T01:00:17Z,"Oasis of the Seas Tour | Central Park | Royal Caribbean | Cruises, Rooms & Reviews","This is the fifth in our series of tours around the Oasis of the Seas.  In this video, we cover Central Park on Oasis.  Central Park is one of the most unique features of the Oasis Class of ships, featuring upscale dining, shopping and incredible plant life.  Plus - we will let you in on two of Oasis Central Park's secrets...let's check it out!  Check out the rest of the Oasis Neighborhood Tour videos on the Cruises, Rooms & Reviews channel!",@CruisesRoomsReviews
e52UJPYtL4E,2023-04-23T14:00:30Z,"Boardwalk Balcony Tour | Harmony of the Seas | 10693 | Royal Caribbean | Cruises, Rooms & Reviews",Check out our tour and review of a Boardwalk Balcony Stateroom on Harmony of the Seas!  This was a brand new stateroom category for us - would we stay in this one again???,@CruisesRoomsReviews
qBPF2XuvCIQ,2023-02-27T01:00:19Z,"Aft Balcony Tour | Freedom of the Seas | Room 7410 | Royal Caribbean | Cruises, Rooms & Reviews",Check out this Aft Balcony room on Freedom of the Seas.  We love staying in a room with an aft view - but these are partially obstructed aft rooms.  Would we stay in this one again?,@CruisesRoomsReviews
cX_FonkFKYE,2023-02-18T20:10:30Z,"FlowRider first time! | Royal Caribbean | Freedom of the Seas | Cruises, Rooms & Reviews",,@CruisesRoomsReviews
gGYMYeeSM40,2023-02-12T05:00:29Z,"Anthem of the Seas - Stern to Bow | Royal Caribbean | Quantum Class | Cruises, Rooms & Reviews",Check out the first in our Stern to Bow series.  In this video - we take a walking tour of the top deck on Anthem of the Seas and answer the question - how long does it take to get from the back of the ship to the front?,@CruisesRoomsReviews
y7x4vsBYeVA,2023-01-29T05:00:22Z,"Interior Room Tour | Oasis of the Seas | Room 9543 | Royal Caribbean | Cruises, Rooms & Reviews",Check out our tour and review of an Interior Room on Oasis of the Seas!  Our friends were in this (and the connecting room) and really enjoyed it over the interior they had on a previous cruise.  Check it out!!,@CruisesRoomsReviews
FKQuF35atEE,2023-01-08T05:00:09Z,Pinnacle Surprise for Ryan! | Royal Caribbean | Crown & Anchor | Cruises Rooms & Reviews,"Our son Ryan recently became the youngest Pinnacle Club member in the Royal Caribbean Crown & Anchor Society.  While Royal celebrated his milestone at the Top Tier Party when we were on Anthem of the Seas, they also had a surprise waiting for him later on in the cruise.  Check it out!",@CruisesRoomsReviews
hYZyd4M_Clg,2022-12-27T19:50:00Z,"Youngest Pinnacle??? | Royal Caribbean | Crown & Anchor | PinnacleRyan | Cruises, Rooms & Reviews",Wanted to share a special event the CR&R family just had!  Ryan was super-excited and wanted to ensure we shared it all with you!,@CruisesRoomsReviews
V1aJMs-BWvs,2022-12-25T05:00:11Z,"Oasis of the Seas Tour | The Boardwalk | Royal Caribbean | Cruises, Rooms & Reviews","This is the fourth in our series of tours around the Oasis of the Seas.  In this video, we cover the Boardwalk neighborhood on Oasis.  The Boardwalk has great food, drinks, shopping - and one of the most unique entertainment venues on the seas.  Let's check it out!  Additional Oasis of the Seas neighborhood videos coming soon!",@CruisesRoomsReviews
KjlYNCFOQpU,2022-12-04T05:00:11Z,NorthStar - 300 Feet Above the Sea! | Anthem of the Seas | Royal Caribbean | Cruises Rooms & Reviews,NorthStar is a unique experience that lifts you way above the ocean on the Quantum Class of ships.  Check out our experience on NorthStar while on Anthem of the Seas!,@CruisesRoomsReviews
ETdKHHCIb2Q,2022-11-22T17:12:22Z,"Port Canaveral Rainy Day | Anthem of the Seas | Cruises, Rooms & Reviews",,@CruisesRoomsReviews
JxpVT1_-swo,2022-11-20T05:00:07Z,"Oasis of the Seas Tour | Pool Deck | Royal Caribbean | Cruises, Rooms & Reviews","This is the third in our series of tours around the Oasis of the Seas.  In this video, we cover the Pool Deck neighborhood on Oasis.  When Oasis was Amplified, the Pool Deck received some major upgrades. Let's check them out!  Additional Oasis of the Seas neighborhood videos coming soon!",@CruisesRoomsReviews
vR_MBR25wQs,2022-11-06T23:00:26Z,"Junior Suite Tour | Freedom of the Seas | Room 1104 | Royal Caribbean | Cruises, Rooms & Reviews","We finally got to stay in one of the ""new"" Junior Suites on Royal Caribbean's Freedom of the Seas!  These Jr. Suites are located on deck 11 and are a bit different than the original Jr. Suites you'll find on Freedom.  This particular Suite is room 1104.  See how they laid out this the room and of course answer - Would we stay in this room again???",@CruisesRoomsReviews
ltIZdn7FFMs,2022-10-23T04:00:17Z,"Junior Suite Tour | Oasis of the Seas | Room 8240 | Royal Caribbean | Cruises, Rooms & Reviews","We decided to do something a bit different and move from our typical Jr Suite on the 14th deck on Oasis of the seas down to the 8th deck.  In this video you'll not only get a detailed review of this particular Jr. Suite, but also if we would want to stay on the 8th deck again over the 14th.  Check it out!",@CruisesRoomsReviews
y32WHwsxhrk,2022-10-20T19:48:47Z,"Icon of the Seas Thrill Island Reveal!! | Royal Caribbean | Cruises, Rooms & Reviews","The first official reveals of Icon of the Seas are finally here!!  Let's take a look at Thrill Island on Icon of the Sea, a truly revolutionary group of activities that are going to get everyone's heart racing!!!  Just look at that Category 6 waterpark!",@CruisesRoomsReviews
GEsKKo8yGjg,2022-10-09T04:00:06Z,"Oasis of the Seas Tour | Entertainment Place | Royal Caribbean | Cruises, Rooms & Reviews","This is the second in our series of tours around the Oasis of the Seas.  In this video, we cover the Entertainment Place neighborhood on Oasis.  See all the different entertainment venues Royal has packed in this space.  Comedy, Jazz, Casino & even Ice Skating!  Something for everyone to check it out!  Additional Oasis of the Seas neighborhood videos coming soon!",@CruisesRoomsReviews
Hmbig7Jkam0,2022-09-25T18:51:58Z,"Oasis of the Seas Tour | The Royal Promenade | Royal Caribbean | Cruises, Rooms & Reviews","This is the first in our series of tours around the Oasis of the Seas.  The Royal Promenade is the first Oasis neighborhood we are covering.  Check out an end to end tour of all the food, shopping and fun you can have in what is essentially a full size mall at sea.    Additional Oasis of the Seas neighborhood videos coming soon!",@CruisesRoomsReviews
BgrU4tZPobs,2022-09-11T04:00:05Z,"Independence of the Seas Ship Tour | Royal Caribbean | Freedom Class | Cruises, Rooms & Reviews","Check out this tour of Independence of the Seas, one of the ships in Royal Caribbean's Freedom class.   Join us for a deck by deck overview.  We hope you enjoy this tour.  If you do, please hit that LIKE button.  Also - check out the rest of the Cruises, Rooms & Reviews channel and SUBSCRIBE - so you do not miss any future content.",@CruisesRoomsReviews
g5zD8ZgJvVY,2022-09-01T00:00:08Z,"Grand Suite Tour | Freedom of the Seas | Room 1256 | Royal Caribbean | Cruises, Rooms & Reviews",This is our tour and review of Grand Suite 1256 on Royal Caribbean's Freedom of the Seas.  There is a lot to show and discuss when it comes to this particular Grand Suite - check out the video and see if we would stay in this room again.,@CruisesRoomsReviews
gnJB3PP3Pvg,2022-07-31T04:00:12Z,"Junior Suite Tour | Oasis of the Seas | Room 14636 | Royal Caribbean | Cruises, Rooms & Reviews",Check out our tour and review of starboard side Junior Suite 14636 on Oasis of the Seas.  See the pros and cons of this particular room and if we would choose to stay in it again!,@CruisesRoomsReviews
5cRhyhR0SHI,2022-07-17T19:57:06Z,"Interior Room Tour | Oasis of the Seas | Room 9545 | Royal Caribbean | Cruises, Rooms & Reviews",Check out our tour and review of an Interior Room on Oasis of the Seas!  Our friends were in this (and the connecting room) and really enjoyed it over the interior they had on the previous cruise.  Check it out!!,@CruisesRoomsReviews
e-wrHOta_c0,2022-07-07T18:59:49Z,"Dolphin Super-pod!! | Oasis of the Seas | Royal Caribbean | Cruises, Rooms & Reviews",We were super lucky to see a super-pod of dolphins while heading north to Cape Liberty on Oasis of the Seas!  Check it out!!,@CruisesRoomsReviews
L33bJNFx25c,2022-06-26T04:00:06Z,"Balcony Room Tour | Oasis of the Seas | Room 14618 | Royal Caribbean | Cruises, Rooms & Reviews","Check out our tour and review of a Balcony Room on Oasis of the Seas!  My mother-in-law really enjoyed this room on our recent cruise - see what it has to offer, including sky-high views!",@CruisesRoomsReviews
v-yN0ZbPvho,2022-06-08T22:08:27Z,"Junior Suite Tour | Freedom of the Seas | Room 1378 | Royal Caribbean | Cruises, Rooms & Reviews",Check out our tour and review of a Junior Suite on Freedom of the Seas.  We did something different for us and went for a Suite Guarantee.  Would we do it again?  See the pros and cons of this particular Junior Suite and if we would choose to stay in it again.,@CruisesRoomsReviews
MXlQyzaF17k,2022-05-22T16:53:22Z,Independence Dunes Mini-Golf Course | Independence of the Seas | Royal Caribbean | CR&R,Check out as Ryan takes us on a tour of the Independence Dunes mini-golf course on Independence of the Seas!  Do you have what it takes to conquer this course!  Just make sure you bring your sun-block!,@CruisesRoomsReviews
v3o4F07iFJE,2022-05-08T13:33:56Z,"Junior Suite Tour | Oasis of the Seas | Room 14236 | Royal Caribbean | Cruises, Rooms & Reviews","Check out our tour and review of a Junior Suite on Oasis of the Seas.  See the pros and cons of this particular room and if we would choose to stay in it again.  Also find out why we call the Oasis Junior Suites - the ""Tweener Suites""!",@CruisesRoomsReviews
V1bs5FdJ_hQ,2022-04-25T02:13:32Z,"Crown Loft Suite Tour | Oasis of the Seas | Room 1726 | Royal Caribbean | Cruises, Rooms & Reviews",Check out our tour and review of a Crown Loft Suite on Oasis of the Seas.  See the pros and cons of this particular room and if we would choose to stay in it again.,@CruisesRoomsReviews
-igLFm6MELY,2022-04-15T13:42:03Z,"Labadee Upgrades??? | Royal Caribbean | Rumors | Cruises, Rooms & Reviews",,@CruisesRoomsReviews
tE1xGhJ-7UE,2022-04-12T15:47:59Z,Day at sea on Oasis,,@CruisesRoomsReviews
kIqIq4s3hII,2022-04-08T18:42:37Z,"Aft Junior Suite Tour | Freedom of the Seas | Room 7712 | Royal Caribbean | Cruises, Rooms & Reviews","Check out our latest room tour and review, an Aft Junior Suite on Freedom of the Seas, room 7712.  Would we stay in it again?  Check out the video and find out!  If you enjoyed this room tour, please hit that LIKE button.  Also, check out the rest of the channel and SUBSCRIBE to ensure you get the latest cruising content.  This is version 2 of this video as the previous version had an audio issue now fixed.",@CruisesRoomsReviews
dJ4OhdhKxlg,2022-04-03T05:00:11Z,"Odyssey of the Seas Ship Tour | Royal Caribbean | Ultra Quantum Class | Cruises, Rooms & Reviews","Check out this tour of Odyssey of the Seas, the fifth of the Quantum class and the second Ultra Quantum ship.  Odyssey is not like any other Quantum ship.  Join us as we check out what is the same and what is new.  We hope you enjoy this tour.  If you do, please hit that LIKE button.  Also - check out the rest of the Cruises, Rooms & Reviews channel and SUBSCRIBE - so you do not miss any future content.",@CruisesRoomsReviews
MJp2j5tuiSU,2022-03-27T05:00:07Z,Blackbeard's Revenge! | Nassau Pirate Ship Excursion Review | Royal Caribbean,Check out this overview and review of the Blackbeard's Revenge Pirate Ship Excursion you can enjoy during a stop on Nassau.  See what we thought and who would enjoy this excursion!,@CruisesRoomsReviews
KCUQCy9m61k,2022-03-13T07:00:03Z,"Ocean View Cabin Tour & Review | Independence of the Seas | Room 9514 | Cruises, Rooms & Reviews","Check out a tour of an Ocean View cabin on the 9th deck of Independence of the Seas.  Our friends stayed in this cabin recently and invited us to tour and film it.  It's a bit unique - so watch to the end for our review!  We hope you liked this tour and review - if you did, please hit that LIKE button.  Also - check out the rest of the channel and SUBSCRIBE!",@CruisesRoomsReviews
ApjXo0gTyUQ,2022-03-12T15:54:42Z,What makes you want to cruise?,,@CruisesRoomsReviews
40enCDo45lA,2022-03-06T23:56:12Z,"The Royal Suite! | Independence of the Seas | Room 1640 | Cruises, Rooms & Reviews","After a special weekend on Independence of the Seas, we wanted to get this room review out as soon as possible!  The Royal Suite was something else - check out our detailed room review to find out all it has to offer - and not offer!  We hope you enjoy this special room review.  If so, please hit that LIKE button.  Also - check out the rest of the channel and SUBSCRIBE so you do not miss any cruising content!",@CruisesRoomsReviews
nW5dhFy_MRA,2022-02-27T14:51:08Z,We’re off cruising!!,,@CruisesRoomsReviews
dvZwf2j7KCY,2022-02-20T19:00:09Z,Check out RipCord by iFLY!! | Royal Caribbean | Quantum Class | Anthem of the Seas,"Join us for the RipCord by iFLY experience.  This is an end to end tour of Ripcord, from check in, to getting your flight suit on and finally entering the chamber to take flight.  Check it out!!  RipCord by iFLY is a Skydiving simulator you will find exclusively on Royal Caribbean's Quantum class ships.  This flight was on Anthem of the Seas, but the experience should be similar on all the Quantum class ships, including the Ultra-Quantum ships, Spectrum and Odyssey.    Hope you enjoy this overview of Ripcord by iFLY - if so, please hit that LIKE button.  Check out the rest of the channel and SUBSCRIBE so you do not miss any cruising content.",@CruisesRoomsReviews
b3B5Cf4etRw,2022-02-06T08:00:24Z,Aft Junior Suite Tour | Freedom of the Seas | Old Version | New Version link in Descript,"Please check out the version 2 of this video now available here: https://youtu.be/kIqIq4s3hII This new version fixes an audio issue.  Check out our latest room tour and review, an Aft Junior Suite on Freedom of the Seas, room 7712.  Would we stay in it again?  Check out the video and find out!  If you enjoyed this room tour, please hit that LIKE button.  Also, check out the rest of the channel and SUBSCRIBE to ensure you get the latest cruising content.",@CruisesRoomsReviews
u9dBcukYPOs,2022-01-30T09:00:26Z,"Anthem of the Seas Ship Tour | Royal Caribbean | Quantum Class | Cruises, Rooms & Reviews","Check out a tour of the Anthem of the Seas, the second in the Quantum Class of ships from Royal Caribbean.",@CruisesRoomsReviews
Xtbt_l_PuRI,2022-01-23T06:30:10Z,"Coco Cay - All the Waterslides!! | Thrill Waterpark | Royal Caribbean | Cruises, Rooms & Reviews","Have you ever wondered what it was like to ride all the waterslides at Thrill Waterpark on Royal Caribbean's private island, Coco Cay?  Or maybe you've been on them before and want to relive the experience?  Either way - this is the video for you.  Check it out!",@CruisesRoomsReviews
5c2mErVXoqk,2022-01-17T17:50:18Z,Aft Balcony Room Tour | Odyssey of the Seas | Room 11326 | Royal Caribbean | Cruises Rooms & Reviews,"Welcome to Aft Balcony room 11326 on Odyssey of the Seas!  We really enjoyed this room - but we also had some concerns.  Check it out!  We hope you enjoyed this review!  If you did, hit that LIKE button.  And check out the rest of the channel and SUBSCRIBE so you do not miss any cruising content!",@CruisesRoomsReviews
-N6-cHLxgx4,2022-01-09T17:39:15Z,"Taino Bay in Puerto Plata Review | Royal Caribbean | Dominican Republic | Cruises, Rooms & Reviews","On a recent cruise on Odyssey of the Seas, because of COVID, we were rerouted from San Juan and St Thomas to Puerto Plata in the Dominican Republic.  We had never been there and really did not have an idea of what to expect.  We walked off the ship to be very surprised by the port!  Check out Taino Bay!!  We hope you enjoyed this video - if so - hit the LIKE button.  Check out the rest of the channel and SUBSCRIBE to ensure you do not miss any cruising content!",@CruisesRoomsReviews
94Yn9wF09OI,2022-01-02T11:00:03Z,Grand Loft Suite Tour | Anthem of the Seas | Room 10320 | Royal Caribbean | Cruises Rooms & Reviews,"Recently some friends of the channel reached out and said that they would be on Anthem of the Seas at the same time as us.  They asked if we wanted to come video their room for the channel.  Of course they answer was yes, and an even bigger yes when we found out it was a Grand Loft Suite!  The room was incredible - check it out!  Hope you enjoyed this tour of a Grand Loft Suite - if so - hit that LIKE button please!  Also - check out the rest of the channel and SUBSCRIBE!",@CruisesRoomsReviews
aqnCGSQ3Cio,2021-12-26T11:00:01Z,Balcony Room Tour | Anthem of the Seas | Room 13628 | Royal Caribbean | Cruises Rooms & Reviews,"Did you want to know what a Balcony room is like on Anthem of the Seas or other Quantum class ships?  Well then - this is the video for you!  Check out this beautiful balcony room.  Hope you enjoyed and found this content useful.  If so, hit that LIKE button!  Check out the rest of the channel and SUBSCRIBE to ensure you get the latest cruising content!  Happy Cruising!",@CruisesRoomsReviews
iBhxIwQpAUg,2021-12-19T17:59:17Z,Getting Back on the Ship | Avoid the Crowds | Cruise Hacks | Royal Caribbean,"You've had a great day off the ship - you are ready to get back on board and enjoy the rest of your day.  But everyone is getting back on at the same time!  Here is an easy tip to help you get moving a little faster.  Hope you enjoy this quick cruising hint/trick/tip/hack.  If you did, please hit that LIKE button.  Check out the rest of the channel and subscribe so you do not miss any cruising content.",@CruisesRoomsReviews
iBQX6pOyOa8,2021-12-12T21:50:02Z,Ryan's Top 3 for Anthem of the Seas | Royal Caribbean | Quantum Class | Cruises Rooms & Reviews,"Ryan was so excited about his week on Anthem of the Seas that he wanted to share his top 3 favorite things about the ship!  If you are a fan of the Quantum Class ships or you have children wondering if they will have fun on this type of ship, this is the video for you.  Otherwise...just watch to have a laugh!   If you enjoyed this video - please hit that LIKE button.  Check out the rest of the channel and SUBSCRIBE to ensure you don't miss any great cruising content!  Matt from Cruises, Rooms & Reviews",@CruisesRoomsReviews
Nb-4wpKSsgw,2021-12-05T11:00:18Z,Junior Suite w/ Spacious Balcony Room Review | Royal Caribbean | Anthem of the Seas | Room 13632,"CR&R is back with another room review.  This is room 13632 on Anthem of the Seas.  It is a different kind of Jr Suite.  It's classified as a Jr. Suite with spacious balcony.  Check out the video to see how it is different than a traditional Jr Suite - it's not just the balcony!    If you enjoyed the review, please hit that LIKE button.  Also - check out the rest of the channel and SUBSCRIBE to get all the latest cruising content!",@CruisesRoomsReviews
Uq7XhMYbtVI,2021-11-21T16:26:22Z,Alaskan Cruise - Top 3 Activities | Royal Caribbean | Ovation of the Seas | Cruises Rooms & Reviews,"When we went on an Alaskan Cruise on Ovation of the Seas, we did some fun activities and saw incredible scenery.  In this video, we go over our 3 favorite things about our Alaskan cruise.  Check it out!  If you enjoyed, please hit that LIKE button.  Also - check out the rest of the channel and SUBSCRIBE to get all the latest content!",@CruisesRoomsReviews
0rAcuWOZVjI,2021-11-01T00:02:02Z,"What's in the Pinnacle Box?? | Royal Caribbean | Crown & Anchor Society | Cruises, Rooms & Reviews","What's in the Pinnacle Box?  Watch and find out.  We recently hit Pinnacle status in the Royal Caribbean Crown & Anchor Society, and Royal sent a nice box of goodies.  Check it out!  Hope you LIKE this video! Check out the rest of the channel and SUBSCRIBE for all the latest content.",@CruisesRoomsReviews
pgmna_jdd9k,2021-10-24T10:00:19Z,"Double Drink Day!! | Cruise Hacks | Royal Caribbean | Crown and Anchor | Cruises, Rooms & Reviews","Do you know about Double Drink Day?  What is it?  How does it work?  How do I get it?  What drinks can I get?  Check out the video to find out!!  Hope you enjoyed this cruise hack.  If so, please smash that LIKE button!  Check out the rest of the channel and SUBSCRIBE to get the latest cruising content!",@CruisesRoomsReviews
6JPx9SVdIqw,2021-10-18T00:53:03Z,"Cruising According to a Six Year Old!! | Royal Caribbean | Cruises, Rooms & Reviews","What's it like to have a summer of fun cruising when you are six years old??  In this video, we have that view from Ryan as he answers questions, races down waterslides and dances the night away!  Hope you have as much fun cruising as he does!  I can barely keep up!!  Hope you enjoy the video - smash that LIKE button if you do.  Check out the rest of the channel and SUBSCRIBE to get all the latest cruising content!",@CruisesRoomsReviews
56ZTu-Mmsbo,2021-10-03T10:00:02Z,"Where do I hang all my stuff?!? | Cruise Hacks | Royal Caribbean | Cruises, Rooms & Reviews","Your are on a cruise - you have a large family - you have all kinds of wet bathing suits and other stuff that needs to dry!  Where do you hang all this stuff.  Well - this is our solution that we use on every cruise we take!  Hope this hack/hint/trick works for you as it does for us!  Looks for the links below.  If you enjoyed this video, please smash that LIKE button.  Check out the rest of the channel and SUBSCRIBE so you don't miss any future cruising content!!  Links to products shown in video: Small Magnetic Hooks: https://amzn.to/3uqI7OI Large Magnetic Hooks: https://amzn.to/2WrLgRT",@CruisesRoomsReviews
cLInkB3Wl-4,2021-09-26T23:09:49Z,Becoming Pinnacle | Royal Caribbean | Freedom of the Seas | Crown & Anchor | Cruises Rooms & Reviews,This past July we hit a big milestone we waiting through a pandemic to achieve.  We hit the Pinnacle status tier in Royal Caribbean's Crown & Anchor Society program!  Check out the video to find out what the experience was like for us!  Please - hit that LIKE button and check out the rest of the channel.  SUBSCRIBE to you don't miss any upcoming cruise content!,@CruisesRoomsReviews
y1xDJEIqkNY,2021-09-19T10:00:21Z,"Inside Cabin Tour | Adventure of the Seas | Room 7367 | Royal Caribbean | Cruises, Rooms & Reviews","Welcome to a tour of an Inside Cabin on Adventure of the Seas.  Here we go over the ins and outs of this class of cabin on a Voyager class ship.    We hope you enjoy!  If you do, please hit the LIKE button.  Also - check out the rest of the channel and SUBSCRIBE!!  Happy Cruising!",@CruisesRoomsReviews
foy67WZaLPQ,2021-09-12T15:47:55Z,"Travel, Kids & the Toilet! | Cruise Hacks | Royal Caribbean | Cruises, Rooms & Reviews","Well - this is certainly our oddest content to date!  This one goes out to all the parents out there traveling with younger children.  Hopefully this content helps relieve during travel what can be really stressful for children & parents alike, while also saving a lot of room in your bag!  Link to the product shown in the video:  https://www.amzn.com/B071D5B3X4  Hope you enjoyed the content, and more importantly, it helps you out.  If so, please hit that LIKE button, check out the channel and SUBSCRIBE!",@CruisesRoomsReviews
aPz5BJf8H-Q,2021-09-05T21:21:16Z,Coco Beach Club Floating Cabana Tour & Food Review | Royal Caribbean | Coco Cay,"We recently had the opportunity to spend a day on a floating cabana in the Coco Beach Club on Royal Caribbean's private island, Coco Cay.  This review provides an overview of what it's like on a floating cabana, the many ups and the very few downs and of course - the food!  Don't forget the slide also!  Ryan also makes a few appearances!  We hope this review is informative and helps you make decisions when planning your cruise!  If you enjoyed it, let us know by hitting that LIKE button and check out the rest of the channel.  Please SUBSCRIBE so you know when new content is available!  If you have any questions about the cabanas, the beach club, Coco Cay, or Royal Caribbean, please let us know about it is the comments below.",@CruisesRoomsReviews
uKfPP3iZkMQ,2021-08-29T22:20:03Z,"Junior Suite Room 9270 Review | Adventure of the Seas | Royal Caribbean | Cruises, Rooms & Reviews","We are back with a review of room 9270 on Adventure of the Seas.  This room is similar to room 9234 we previously reviewed so this review focuses on the differences between the two room.  Which one would you stay in?  Let us know in the comments!  Also let us know if you have any questions or comments!  Hope this helps you out.  If you enjoyed the content, please hit the LIKE button.  And please check out the channel and SUBSCRIBE for further content updates!",@CruisesRoomsReviews
rt9QrzHtHRA,2021-08-22T22:47:41Z,"Adventure of the Seas Ship Tour | Royal Caribbean | Cruises, Rooms & Reviews","After spending a number of weeks aboard Adventure of the Seas during the summer of 2021, we've put together a compilation of shots from aboard the ship!  Also a few shots of Coco Cay mixed in for good measure.  Hope you enjoy the tour!  If you enjoyed, please hit that LIKE button.  Also - Subscribe to Cruises, Rooms & Reviews to make sure you get the latest content!",@CruisesRoomsReviews
ktcT0eNONoU,2021-08-15T07:07:43Z,"Checking-In for Adventure of the Seas, Nassau | Royal Caribbean","What’s it like to check into your cruise on Adventure of the Seas sailing out of Nassau?  In this video, we go over the 6-8 steps you’ll need to follow to get onboard!!  Please Subscribe and check out our other content. More and more videos coming soon.",@CruisesRoomsReviews
ycui1zoFqu8,2021-08-08T16:00:27Z,"I don't have enough outlets! | Cruise Hacks | Royal Caribbean | Cruises, Rooms & Reviews!","Hi again all - First in our series of cruising hacks, hints, tricks & tips!  With so many devices - we've all run out of power outlets.  Here is how we deal with it.    Amazon link to the product we use: https://www.amazon.com/dp/B00ATZJ5YS  Hope this helps you out and you enjoy the video.  If it does - please like the video and subscribe to the channel for future content!",@CruisesRoomsReviews
2pjsaaZRqIw,2021-08-01T22:34:45Z,Owner's Suite Room Review | Freedom of the Seas | Room 1620 | Royal Caribbean,"Hi all - we are back with our second room review video.  This time we have an Owner's Suite on the Freedom of the Seas, room 1620.  We recently took a weekend cruise and were originally booked into a Junior Suite, but my wife had a bit of a surprise for me!  Hope you enjoy.  Please let me know if you have any comments or questions below  And if you enjoy this content, please Like it and Subscribe to the channel!",@CruisesRoomsReviews
oyI9yGgYUFM,2021-07-26T18:10:32Z,Junior Suite Room Review | Royal Caribbean | Adventure of the Seas | Room 9234,"Welcome all to my first video for this channel. This is a room review of a Junior Suite on Royal Caribbean's Adventure of the Seas.  In it, I give a through overview of the room, including its pros and its cons.  The room number is 9234. If you find this content helpful, please hit the like and subscribe button.  I'll be putting out a review for every room we get access to.",@CruisesRoomsReviews
