videoId,publishedAt,title,description,creator
CV4TpWJyhPo,2022-04-18T22:08:22Z,Kayaking the San Marcos river.,,@EdwardTravels
ButjjLND9Sg,2022-04-18T21:56:17Z,Grand Canyon helicopter flight,,@EdwardTravels
MO1UEE0QnpM,2022-04-18T21:07:57Z,Continuing home in the Saguaro National Park,,@EdwardTravels
0zBog-rFOvw,2022-04-18T20:32:33Z,Hike in the Saguaro National Park,,@EdwardTravels
yv446KVGUeI,2022-04-18T19:59:27Z,Third bit from our Saguaro National Park hike.,,@EdwardTravels
NH1_rZOTmt8,2022-04-18T19:43:08Z,View from the back platform of the train to the Grand Canyon.,,@EdwardTravels
Dgl0Sd80AZE,2022-04-18T19:40:47Z,The train from Williams to the Grand Canyon.,,@EdwardTravels
6dyBRjPHLoA,2021-06-07T17:49:47Z,Spring 2021 Honey Harvest,,@EdwardTravels
430y-GNEM_g,2021-03-15T21:28:16Z,Feeding the bees Spring 2021 - Part 1,,@EdwardTravels
nLLyhBZsOaU,2021-03-15T21:28:13Z,Feeding the bees spring 2021 - Part 2,Bees part 2,@EdwardTravels
OcJ6Xulao3U,2020-06-10T16:48:23Z,Honey harvest - first person view,Harvesting honey from one of our beehives. Took four frames,@EdwardTravels
N3G5xqrfpvI,2020-06-10T13:07:25Z,Post harvest recovery,We took the comb that had been crushed and strained back out to the hive to let the bees recover everything we didn't get.,@EdwardTravels
c3U5U3LAWAc,2020-06-10T13:07:20Z,Harvesting honey,We harvested some of the frames from our hive this morning.,@EdwardTravels
76f9LmAEQmk,2020-06-10T13:07:16Z,Honey Harvest,"Honey harvest - foundationless frames, so crush and strain.",@EdwardTravels
ghbjgk88ArE,2020-06-01T20:35:35Z,DJI 0339,,@EdwardTravels
slv_hcwJ4B0,2020-06-01T20:35:25Z,DJI 0340,,@EdwardTravels
IszLy9anDTY,2020-06-01T15:06:27Z,"First Drone video, neighborhood behind the house",,@EdwardTravels
7mXSDSAU8WY,2020-05-29T20:28:25Z,Honey super Inspection,,@EdwardTravels
Z5r6CPzIrgc,2020-05-29T20:26:08Z,Honey Super Inspection 2,,@EdwardTravels
