videoId,publishedAt,title,description,creator
BUqCHxX68lw,2019-03-24T00:42:34Z,Symphony of the Seas  |  Food • What's included!?!,"Complimentary Dining, Ala-Carte Dining, Specialty Dining, OH MY!  Room service changed! Upgrades cost more! So much for a new cruiser to know!",@HeatherLovesCruising
MLk0l9R1k7U,2019-03-02T03:38:06Z,Symphony of the Seas | What we LOVED and HATED (plus Cruise Tips),"Royal Caribbean has a new ship, Symphony of the Seas, which sails out of Port Miami. This ship is beautiful but has a few drawbacks. In this video, we share our recent experience. More videos coming soon, subscribe today!",@HeatherLovesCruising
yzlAEDZgCko,2019-02-16T19:26:16Z,"Symphony of the Seas  |  Ultimate Abyss ""I JUST NEED A MINUTE...""","Heather loves cruising... but HATES scary rides. Watch her try the all-new Ultimate Abyss on Royal Caribbean's Symphony of the Seas!  If you're scared of heights, DO NOT WATCH this video... :)",@HeatherLovesCruising
n8acXgy-Jk0,2019-01-26T19:10:22Z,Symphony of the Seas | sneak peek footage,Heather and Rob enjoyed a wonderful week on Royal Caribbean‘s newest ship! Here are a few early clips that will give you a sense of the exciting videos coming to you soon!,@HeatherLovesCruising
ukoVa632heY,2018-10-19T20:24:05Z,Symphony Of The Seas  |  Why we picked it!,"Royal Caribbean recently launched a new Oasis Class cruise ship. Bigger than Allure of the Seas. Bigger than Harmony of the Seas. The Symphony of the Seas is the biggest cruise ship in the world!   (Vlog shot at the beautiful Lewis House Bed and Breakfast in Whitehall, Michigan)",@HeatherLovesCruising
eaOWNact2G4,2018-07-25T00:47:52Z,Cruise Tips  |  Passport Expired?  DO THIS....,"Many have no idea their passport is about to expire. Renew now, to avoid hangups in travel later on.",@HeatherLovesCruising
lwFvQKnjNjU,2018-05-13T21:54:55Z,MSC Seaside  |  What we LOVED and HATED (plus pro-TIPS!),Do NOT cruise on the MSC Seaside without watching this first!  (You'll be glad you did.),@HeatherLovesCruising
I-qOKsoXHV4,2018-04-28T03:09:32Z,MSC Seaside  |  Our Experience (Video 2),,@HeatherLovesCruising
nbtU9J_4Eoo,2018-04-21T03:59:50Z,MSC Seaside  |  Our Experience (Video 1),,@HeatherLovesCruising
Ue6fypoY_ew,2018-01-20T14:03:51Z,Heather Loves Cruising Live Stream,,@HeatherLovesCruising
8zfI8NpK9p0,2018-01-07T19:53:34Z,MSC Seaside  |  Kids Zone & Aquapark (Tour Video 6 of 6),Special music courtesy of Jay Filson  https://www.youtube.com/user/JayFilCovs,@HeatherLovesCruising
EP7po7DxvOk,2018-01-07T19:22:41Z,MSC Seaside  |  Fantastica Balcony Review (Tour Video 5 of 6),,@HeatherLovesCruising
gsjbGaXBmts,2018-01-07T18:00:20Z,MSC Seaside  |  Food Venues (Tour Video 4 of 6),,@HeatherLovesCruising
agdtZ_45ltM,2018-01-06T22:13:39Z,MSC Seaside  |  Ship Tour (Tour Video 3 of 6),,@HeatherLovesCruising
mPTwXmsm7s8,2018-01-06T21:46:08Z,MSC Seaside | Embarkation Process (Tour Video 2 of 6),,@HeatherLovesCruising
ECvqJgSe7I0,2018-01-06T21:44:54Z,MSC Seaside  |  Introduction (Tour Video 1 of 6),,@HeatherLovesCruising
ZgnSJJ_a5rA,2017-12-21T19:31:13Z,MSC Seaside- on our way - Part 2,,@HeatherLovesCruising
02toah3_bu4,2017-12-21T18:50:48Z,MSC Seaside - on our way!!!,,@HeatherLovesCruising
XwbgXDGy8D0,2017-11-21T18:30:00Z,MSC Seaside  |  (Part 2),,@HeatherLovesCruising
JaBoB55ma6E,2017-11-13T02:39:45Z,MSC Seaside  |  Your questions answered (from our meeting with MSC corporate),Thanks to those who submitted questions for our meeting w/ MSC corporate. Here's what we learned... Part 1.,@HeatherLovesCruising
cf88EZUNN8Q,2017-11-07T19:01:02Z,MSC Seaside details hard to find? (Here's what you can do about it!),"We've discovered many cruise travelers want to learn more about the MSC Seaside. The problem is, only artist renderings and stock videos are available today, which can be frustrating when you want REAL info.   That's why we are offering YOU the chance to submit questions that we'll represent with MSC Corporate at an upcoming face to face meeting with them.   So, submit your question today and stop being frustrated... and finally, be informed!    Don't forget to subscribe and watch our next video where we report out on your questions!",@HeatherLovesCruising
pWK5bDiUrHg,2017-09-29T23:00:04Z,Southwest Airlines (Not your grandma's airplane),"Tired of being dragged away from your airplane? Hungry because your airline doesn't offer peanuts onboard? Southwest Airlines is different. It's weird. If you're ready to have a good time flying, then you absolutely must experience it for yourself. Footage captured during Southwest Airlines ""Spirit Week""",@HeatherLovesCruising
_zZXhN_BR68,2017-08-30T20:49:48Z,How to train your PICKY EATERS for a family cruise vacation on MSC Seaside,"... hang in there 'til the end! (You'll see why)   Many good parents struggle with kids who only like bad foods. On a cruise ship, even the most familiar foods will probably look quite different. Using this fun video, perhaps you'll finally be able to convince YOUR children that eating different foods is actually good for them, and could ultimately lead to a happier vacation for you as a family!  Music credit to Weird Al Yankovic ""Eat it""",@HeatherLovesCruising
4EYwrZ0H5a0,2017-08-20T02:00:05Z,MSC Seaside  |  What we've learned so far,"MSC Seaside launches from Port Miami in December of 2017. Here's what we've learned about the ship so far... (Bonus: a ""first ever"" Heather Loves Cruising opportunity)",@HeatherLovesCruising
otoWJjIeTBY,2017-07-27T01:22:06Z,Welcome to Heather Loves Cruising,"Cruising (especially for the first time) can be overwhelming. Heather Loves Cruising video channel offers helpful ideas, insider tips, and best practices to help you make your next cruise vacation even MORE FUN!",@HeatherLovesCruising
XIRFWZ7pbOk,2017-07-24T02:43:10Z,Beats By Dr. Dre  |  powerbeats 3 wireless unboxing,"While aboard, you may wish to enjoy some jams in style. For this, try the all new powerbeats 3 wireless headphones.",@HeatherLovesCruising
7Hg2WBF2CDE,2017-07-06T23:00:00Z,Princess Regal - Our 6 Favorites... and the man with the white beard!,Our 6 favorite things (and tips) from sailing on the Princess Regal Cruise Ship!,@HeatherLovesCruising
il1DulB7mgo,2017-07-02T18:10:28Z,Why we're (probably) jumping ship! Royal Caribbean Oasis Class vs. MSC Seaside,"Oasis of the Seas, Allure of the Seas, Harmony of the Seas, Symphony of the Seas have met their match. MSC Seaside is the new kid on the block...",@HeatherLovesCruising
MXryQDDtY9Y,2017-06-18T02:29:39Z,You're Paying Too Much For Your Flight,"Southwest, Delta, United, American comparison   Southwest Visa Card: https://applynow.chase.com/FlexAppWeb/renderApp.do?SPID=FNTD&CELL=63HB&MSC=1526083438",@HeatherLovesCruising
wFM2Bfuj5go,2017-06-01T20:30:00Z,Allure of the Seas (Oasis Class Cruise Ship) Tips 5 MUST Haves,5 MUST haves for your next cruise. Don't leave port without them!,@HeatherLovesCruising
jLtzpJXw3FE,2017-05-25T20:30:01Z,Allure of The Seas (Oasis Class Cruise Ship) Tips 05/25/17,"Where to find formal night clothes, balcony safety, and Labadee suggestions in this episode of Visit with Viewers.   Find us on Facebook: https://www.facebook.com/HeatherLovesCruising/",@HeatherLovesCruising
x3Cx6AqHbKY,2017-05-18T23:26:47Z,Allure of the Seas (Oasis Class Cruise Ship) Tips - Repeat Western Caribbean Itinerary,"Video for experienced / repeat cruisers on Western Caribbean itinerary on Royal Caribbean Oasis Class Cruise Ships. (Labadee, Falmouth, Cozumel)  ON FACEBOOK @HeatherLoves Cruising -  https://www.facebook.com/HeatherLovesCruising/",@HeatherLovesCruising
179UWpxP5XA,2017-05-16T23:40:04Z,"Allure of the Seas (Oasis Class Ship) Attire Tips for ""Formal Night"" and Beyond!",Dress (appropriately) for each occasion with these helpful tips!  Heather's LuLaRoe Consultant found here: https://youtu.be/179UWpxP5XA  ON FACEBOOK @HeatherLoves Cruising -  https://www.facebook.com/HeatherLovesCruising/,@HeatherLovesCruising
OCjEYbbvFVk,2017-05-14T19:31:09Z,UPDATED - Allure of the Seas (Oasis Class Cruise Ship) Tips - Healthy options on board,"Vitality menu, fitness, jogging track, and ""will I gain weight on my cruise?"" Also, be sure to bring a selfie stick to the jogging track...   Also, you might want to wear headphones for this one... :) Enjoy!  ON FACEBOOK @HeatherLoves Cruising -  https://www.facebook.com/HeatherLovesCruising/",@HeatherLovesCruising
dvZ7L8H-Pc0,2017-05-14T01:20:43Z,Allure of the Seas (Oasis Class Cruise Ship) quick tip - preboarding,Quick tips: a few things you must have before boarding the ship.,@HeatherLovesCruising
rsk6KDE2Gg4,2017-05-13T02:41:16Z,How much will your cruise (really) cost? Budget Tips - Allure of the Seas (Oasis Class Cruise Ship),How to set a realistic budget for your next Royal Caribbean cruise!,@HeatherLovesCruising
-DmUjRghyWY,2017-04-22T00:37:31Z,Allure of the Seas (Oasis Class Cruise Ship) Tips - Do you sleep with a fan?,Sleep Aid Fan. You're Welcome,@HeatherLovesCruising
U2IvTOUj1Vg,2017-04-20T01:10:11Z,Allure of the Seas (Oasis Class Cruise Ship) Secret Balcony Truth Revealed,Aqua theater observation deck. Thanks for the question Fit and Fabulous Mama!,@HeatherLovesCruising
6L-1C_GRf6s,2017-04-15T01:36:41Z,Allure of the Seas (Oasis Class Cruise Ship) How to Buy without Getting Sold,"Royal Caribbean Cruise Shopping tips. The good. The bad. The ugly. Remember, ""No Thank You.""",@HeatherLovesCruising
P1GkW5KILcY,2017-04-12T00:19:07Z,Allure of the Seas (Oasis Class Cruise Ship) Events and Activities Tips,Royal Caribbean Cruise Compass overwhelming? No more! Enjoy your cruise! (Sorry Carnival),@HeatherLovesCruising
AwXqfwQIYqg,2017-04-08T16:21:40Z,Allure of the Seas (Oasis Class Cruise Ship) tips Next Cruise,,@HeatherLovesCruising
q4b6JZH90qg,2017-04-07T18:05:20Z,Allure of the Seas (Oasis Class Cruise Ship) Travel Tips,Hotels Uber Lyft,@HeatherLovesCruising
48CAhXWSj0w,2017-04-03T12:53:56Z,Allure of the Seas (oasis class cruise ship) sunrise time lapse from Solarium,,@HeatherLovesCruising
BQt7AN3TJ34,2017-04-02T01:10:18Z,"Allure of the Seas (Oasis Class Cruise Ship) Falmouth, Jamaica",Weather forecast: a cloud + brilliant sunshine and 82•,@HeatherLovesCruising
0EPsv9gqPJU,2017-04-01T02:30:15Z,Allure of The Seas (Oasis Class Cruise Ship) Friend of the VLOG,,@HeatherLovesCruising
g6FQIm89BBc,2017-04-01T01:34:29Z,Allure of the Seas (Oasis Class Cruise Ship) Stateroom Tips,"Cruise ship water filters, cases of water, night lights, suitcases, slider doors, and laundry soap.",@HeatherLovesCruising
eFOcUy2C98M,2017-04-01T00:23:29Z,Marriott Fort Lauderdale North,"When booking a local hotel the night before a Cruise, search outside of the cruise port a few miles to save money and increase quality.",@HeatherLovesCruising
_yDITnna-Cg,2017-03-27T00:51:41Z,Allure of the Seas (Oasis class cruise ship) Cozumel MX Port,Bumped into some delightful friends of the YouTube channel.,@HeatherLovesCruising
W7-wxUT_Ey8,2017-03-06T18:01:45Z,Allure of the Seas (Oasis Class Cruise Ship) Dining Tips,"Dining tips, attire suggestions, and strategy to maximize your cruise's culinary adventure!",@HeatherLovesCruising
lvbxqwnil6g,2017-02-26T17:49:17Z,Allure of the Seas (Oasis Class Ship) Packing Tips and preparation,"Night lights, hand soap, sea sickness, pre-trip parking, and jumper cables. Also a shout out to Princess Regal",@HeatherLovesCruising
1lcYYYjOyl4,2017-02-25T18:55:32Z,Allure of the Seas (Oasis Class Cruise Ship) - Snorkeling and Excursion Tips,"Prescription masks, water shoes, and cruise-line recommended shore excursions",@HeatherLovesCruising
VOV5fPMVpRU,2017-02-21T02:32:36Z,Allure of The Seas (Oasis Class Ship) Tips,"Lanyards, Travel Alarm Clocks, and Walkie Talkies... oh my!",@HeatherLovesCruising
hBXIcZFiplk,2017-02-20T02:30:57Z,Allure of the Seas 3.5 Packing Tips (Pro Tips),3.5 Packing tips that we wish we would have known the first time we cruised on Royal Caribbean's Oasis Class Ships.,@HeatherLovesCruising
qe4GKmx9PO0,2017-02-20T02:00:12Z,Allure of the Seas Cruise Tip #2,How to increase the storage space in your room. (Packing tips),@HeatherLovesCruising
