videoId,publishedAt,title,description,creator
VX_MuNbOTcI,2025-01-28T16:28:33Z,@dubai @marinadubai @HauloverDaily @ILikeCruiseShips,,@ILikeCruiseShips
lwnGGna1GQ0,2025-01-25T06:41:03Z,Dubai dairy.  #trending #dance #frnds #trip #dubai ##fun,,@ILikeCruiseShips
3niPIqQ9XVI,2024-10-31T17:18:21Z,Happy Diwali 🪔 🪔🪔                           #trending #moodvibe #festival #diwali #🪔🪔,,@ILikeCruiseShips
-6uf30iHZ4w,2024-10-14T16:28:26Z,Combined studies 📖📚                      #study #confusion #questions #moodvibe #groupstudy #📖📖,,@ILikeCruiseShips
EcE97kHjSDw,2024-10-12T07:54:04Z,😎😎                                                #trending #dance #dancemoves #vibess #moodvibez,,@ILikeCruiseShips
pKuNruoDhxc,2024-10-08T16:08:02Z,Aarti pooja 🙏🙏                              #aarati #pooja #spirituality #nepal #viralshort #🙏🙏,,@ILikeCruiseShips
KirfBnJDpWQ,2024-10-06T12:32:47Z,Nepal🇳🇵                                                 #journey #touristplace #nepal #tour,,@ILikeCruiseShips
lXwEPUWcYVA,2024-10-05T11:03:50Z,☺️☺️                                             #dance #vibes #dancemoves #moodvibe #trending #😎😎,,@ILikeCruiseShips
tdMuEgX4G8k,2024-10-04T13:47:43Z,😎😎                                             #dance #trending #vibes #dancemoves #moodvibe#😎😎,,@ILikeCruiseShips
3Vm7g-Xd18E,2024-10-03T08:01:58Z,💓💓                                            #trending #dance #vibes #dancemoves #moodvibe#🥰🥰,,@ILikeCruiseShips
zxdO0s2Ercg,2024-10-02T06:09:12Z,😜😜                                             #trending #vibes #dancemoves #viralshort #gang#😎😎,,@ILikeCruiseShips
1exbWXAGLo0,2024-09-30T16:39:01Z,😊😊😊                                           #mood#vibes #trending #viralshort #dancemoves #😎😎,,@ILikeCruiseShips
d1aujNiA450,2024-09-29T14:34:33Z,Oops……😎                                            #dance#mood #vibes #viralreels #😜😜,,@ILikeCruiseShips
H7QDAOR3vOk,2024-09-28T09:02:12Z,Amma kutty                              #funnycomedy #acting #vibes #love#viralshort #trending #😆😆,,@ILikeCruiseShips
IyIUplhz0e4,2024-09-27T15:46:34Z,🤣🤣🤣……..                                         #comedy #funny #vibes #trending #😆😆,,@ILikeCruiseShips
T_gG5HqdU54,2024-09-25T10:21:37Z,Dj #ganeshchaturthi2024#beatbox #vibes #blast #trending #djsong,,@ILikeCruiseShips
w2BjXkfrEvQ,2024-09-23T10:00:55Z,Gang 😎😎😎                                     #dance #trending #vibes #gang #fun #🤣🤣,,@ILikeCruiseShips
FyvIYRbRPJQ,2024-09-21T07:41:27Z,"Ganapati Bappa Morya,Agle Baras Tu Jaldi aaa…..#ganeshchaturthi #nimarjan #spirituality #mood #😍😍",,@ILikeCruiseShips
mX9tOmzelwI,2024-09-20T15:05:24Z,Ganesh nimajjanam dance💃              #dance #trending #mood #gangdance #🤣🤣,,@ILikeCruiseShips
FmJkKwqoSKI,2024-09-19T09:09:18Z,Our Ganesh Timeline view🙏🙏,,@ILikeCruiseShips
utaVs0q0kYA,2024-09-19T09:02:46Z,Blooper 🤣🤣                             #blooper #funny #ganeshchaturthi #colonygang#together #😎😎,,@ILikeCruiseShips
ZAozd5_7NS0,2024-09-18T15:46:14Z,😎😎                                                      #trending #moodvibe #dance #☺️😊☺️,,@ILikeCruiseShips
op_1XDfCvZs,2024-09-16T13:02:02Z,#kidstogether #utti #fun #mood #trending #viralreels #😎😎😎😎,,@ILikeCruiseShips
dXr7RKu1vHQ,2024-09-15T12:29:07Z,Ganesh utsav dance by our colony kids  #my choreography#ganpatibappamorya#dance #🙏🙏🙏🙏,,@ILikeCruiseShips
dZBXawGYOLY,2024-09-14T10:58:14Z,colony Ganesh 🙏🙏🙏🙏🙏🙏      #ganeshchaturthi #mood #trending #vibes,,@ILikeCruiseShips
3ujbqnwpJpw,2024-09-13T20:05:55Z,Ayya dheko humara colony ga Ganesh 👏🏻👏🏻                 #ganeshutsav #trending#mood #viralshort,,@ILikeCruiseShips
x74F3VyWV2o,2024-09-12T11:04:15Z,Finally we did it ……..  1st performance of my gang in Ganesh Pooja 🙏🙏,,@ILikeCruiseShips
V7EgDvMCKDw,2024-09-12T08:45:34Z,"1,2,3 start …………..                                 #trending #dance #funny #kidsfun #😎😎",,@ILikeCruiseShips
5DGseO6Jeeo,2024-09-10T16:21:33Z,#trending #vibes #dance #mood #gang#masti#😊😊,,@ILikeCruiseShips
ukC0lnbhv1I,2024-09-09T06:08:28Z,Happy Ganesh Chaturthi🙏🙏🙏,,@ILikeCruiseShips
1iPow8yWjto,2024-09-07T13:41:21Z,My gang surprised me like this,,@ILikeCruiseShips
WD9-5mJivcg,2024-09-06T12:46:45Z,😜😜                                                       #trending #vibes #dance #mood #gang#😇😇,,@ILikeCruiseShips
p-bH1NaU_v0,2024-09-05T12:17:35Z,Rain+Dance=happiness..                  🌧️+💃=😇……..            #trending #dance #vibes #mood #😇😇,,@ILikeCruiseShips
VWiWadyWtjM,2024-09-04T14:30:39Z,😎😎                                                  #trending #kidsdance #viralshort #vibes #mood,,@ILikeCruiseShips
hwecIt6iJwo,2024-09-03T14:53:58Z,"Rhythm in motion, grace in every step💃          #vibes #trending #mood #gang#beat",,@ILikeCruiseShips
w3Dsr4tDb5o,2024-09-02T15:25:55Z,When He and Me in same mood😛                                       #trending #vibes #funny #mood 🤪,,@ILikeCruiseShips
J4ucpar1EHw,2024-09-02T12:38:08Z,😎😎😎                                                #beat#vibes #dancebeats #gang #trending #mood,,@ILikeCruiseShips
m9wjVutaMxA,2024-09-01T15:09:16Z,Beat lover’s                                             #dance #vibes #trending #mood #beat,,@ILikeCruiseShips
6d_tfTcqsjM,2024-08-31T13:16:34Z,Bore ho rahehu…..😜                             #funny #vibes #trending #mood,,@ILikeCruiseShips
JaVncjDxrUg,2024-08-30T18:16:42Z,Butterfly 🦋🦋🦋                                #funny#comedy #vibes #viralshorts #😝😝,,@ILikeCruiseShips
kj2n7RaKj0c,2024-08-29T16:53:50Z,# chin tapak bam bam #.                       #😛🤣😅,,@ILikeCruiseShips
kkmQr_esjIw,2024-08-29T08:10:47Z,Kya naam hai tumara…..                         #funny #vibes #viralshort #trending #🤣🤣😎,,@ILikeCruiseShips
7OoJAdveCTg,2024-08-26T14:46:25Z,Radha Radhe….                                      #vibes #dance #trending #festival #😍😍,,@ILikeCruiseShips
6fxGFsWgeKM,2024-08-26T13:15:40Z,😍😍                                                #festival #vibes #traditional #mood #viralshort,,@ILikeCruiseShips
ijcV1KCB3vE,2024-08-25T13:52:58Z,Pucho muje kya huva hai🤪🤪….        #trending #funny #mood #viralshort 😛😛,,@ILikeCruiseShips
SNYI3fGgRSU,2024-08-24T13:41:54Z,When I want to go for a walk and my parents ignores me……🦮….               #doglover #viralshort 😉,,@ILikeCruiseShips
Lk2jMzowMqo,2024-08-23T13:28:24Z,😎😎                                                    #dance #love #vibes #trending,,@ILikeCruiseShips
LjbDgw-LJ9o,2024-08-22T17:05:23Z,koo kooo koo…..😉                              #dance #vibes #mood #trending,,@ILikeCruiseShips
cgmS-yg4rgU,2024-08-22T09:21:27Z,🤞….                                                        #dance #funny #vibes #😉,,@ILikeCruiseShips
R1h7mdUHfs0,2024-08-21T10:39:29Z,Kiss ka😎😎                                          #funny #comedy #😇😝,,@ILikeCruiseShips
bdBQhNgXgNo,2024-08-21T08:01:33Z,😛😝…….                                               #trending #funny #vibes #viralshort,,@ILikeCruiseShips
ghGUw2q1nEI,2024-08-20T15:14:46Z,🤪😝😜…….                                        #funny #support #trending #vibes,,@ILikeCruiseShips
KpcUZISKOhw,2024-08-20T15:12:18Z,"1,2,3 go……let’s dance 💃.                 #trending #support #dance #dancebeats #gang",,@ILikeCruiseShips
U5SfA2W61Mk,2024-08-19T13:25:16Z,😜😝,,@ILikeCruiseShips
S496npuGUdM,2024-08-19T13:19:14Z,Amoo na Bava ni evanu😛                   #funny #viralshorts #comedy #trending #gang😎😝😀,,@ILikeCruiseShips
lnSdJFuGk1c,2024-08-18T17:52:34Z,#funny #Blooper #dance #trending #viralshorts 🤣😜🤪😝…..,,@ILikeCruiseShips
nlSZ-N59QYw,2024-08-18T07:24:29Z,Gangband….                                            #trending #dance #beats #viralshorts,,@ILikeCruiseShips
IY2QinOx7a4,2024-08-17T17:39:01Z,😇……#dance #love #viralshorts,,@ILikeCruiseShips
HU5D1gAPiVg,2024-08-17T16:23:51Z,#odiyamma.                                      #Hi Nanna#tending #vibes #song#support #love😇😇,,@ILikeCruiseShips
7_NkpEuCTww,2024-08-17T07:14:45Z,Vuna Oka chelli ni                                   #funny #mood 😎,,@ILikeCruiseShips
PwPYlx8m-oM,2024-08-17T07:04:57Z,#waterfall #relaxing #😍,,@ILikeCruiseShips
I2t541qzwvM,2024-08-16T18:06:01Z,😎                                             #trending #dance,,@ILikeCruiseShips
TzNkjX95HY0,2024-08-16T17:56:05Z,#trending #dance #kids,,@ILikeCruiseShips
8rIxi_1ZPgE,2024-08-16T08:54:34Z,#Trading #viralshorts #taubatauba,,@ILikeCruiseShips
WIrbue_g004,2024-08-16T06:44:01Z,Black is my happy colour….                    Swing views only…. @Ubud😍 #trending,,@ILikeCruiseShips
nIoNNWyVtKA,2024-08-16T06:17:45Z,Love to dance with girl’s….🥰               ​@TrandingDance135  #trending #kali movie,,@ILikeCruiseShips
JCjcAtQY3C4,2024-08-16T06:11:43Z,Fun with my gang…..😎                          @Tranding..@dance,,@ILikeCruiseShips
