videoId,publishedAt,title,description,creator
fT3VKrzxi3A,2025-08-09T22:15:33Z,1st Annual Bay of Fundy International Sand Sculpture Festival ‘25 Congrats Dan Belcher & Thomas Koet,,@LifeWellCruised
sYqtVwJnm6U,2025-08-09T22:02:40Z,Green Sand Beach Hawaii! Mahana Beach! Bucket List 1 of 4 green sand beaches in the world.,"Bucket list Mahana green sand beach. 1 of 4 green sand beaches in the world.  Southern tip of the Big Island of Hawaii! Desert like conditions be careful.  Desolate location so travel at your own risk. We should have been better prepared but we did this on a whim.  If you do it make sure you take the proper precautions food, water, sunscreen etc we were lucky #greensand #greensandbeach #bigislandofhawaii #bucketlist #mahanabeach #aloha #hike #desert #travel #malasada #mustseehawaii #mustdo #punaluubakeshop #southernmostpoint",@LifeWellCruised
OhQf5z1k27Y,2025-04-05T18:29:35Z,Best purchase for our cruise #royalcaribbean #cruise #tipsandtricks #lifeatsea @LifeWellCruised,,@LifeWellCruised
H_giNWs2EZo,2024-11-24T04:32:26Z,8 Arms No Worries Seista Key Crystal Classic Sand sculpture contest - People’s choice winner,8 arms no worries - mom and baby octopi - octopus by Greg Grady Jr & Delayne Corbett  people’s choice winner at the Seiesta Key Crystal Classic  Sand Sculpting contest #octopus #seistakey #Seistakeycrystalclassic #sandsxulptures,@LifeWellCruised
xHPSdlzZKtg,2024-09-08T17:48:42Z,Hampton Beach Sand Sculpture Contest 2024 Part 1,"Hampton Beach Master Sand Sculpting Classic 2024 Run by Greg Grady Jr (G2) check out his instagram at itsjustsand_sculpture sculpturesgreggrady.com 1. Andy Daily sandadventurecrew.com 2. Dmitry Klimenko (facebook) #dklimart  3, Melineige Beauregard  bgsandsculptures 4. David Ducharme sculptureducharme  5. Carl D Jara grain_damage 6. Bruce Phillips sandstormfab 7. Karen Fralich sandqube.com 8. Justin Gordon www.elwindesigns.com 9. Kalis Ile Facebook Teragnia.lv 10. Abe Waterman (Facebook)  www.hamptonbeach.org",@LifeWellCruised
QMom-GToEKk,2024-09-02T17:17:40Z,Hampton Beach 2024 Sand Sculpting Competition Winners  New Hampshire,Hampton Beach Sand Sculpture Competition Winners - New Hampshire - We will go live for the next contest on September 28th in Virginia beach if we have enough subscribers.  We need 50 in order to go live so please help us out and subscribe.  Thank you for watching. Mr & Mrs Amazing,@LifeWellCruised
iJAVsf4fyW0,2024-09-02T15:19:45Z,Perfect Weekend in New Hampshire - Camping Tubing & Sand Sculptures OH MY!!!!,"We headed north to Thornton NH after work on Friday.  We set up our tent had a fire and a little dinner and went to bed.  Saturday morning we walked up to the camp ground office and booked a tubing day,  For $35 they rent you a tube and give you a ride 3 miles up the road.  Please note you have to carry your tube about 200 yards and sometimes it's muddy to get the river.  Once at the river you drop in and float back to camp.  It takes about 4 hours to get back to camp.  On Sunday after checkout we had bought tickets for the fairytale sand sculpture event www.sculpturedsand.com where we saw 28 different fairytale themed sand sculptures.  After spending our afternoon checking them out we headed home. This weekend was pure bliss.  The right combination of relaxing and cool things to see or do. Thanks for watching. Mr. & Mrs. Amazing",@LifeWellCruised
Ux3VnOxtV2c,2024-09-01T18:48:10Z,Fairytale Sand Sculptures by Sculptured Sand Tales of the Dark Forest North Woodstock New Hampshire,Sculptured Sand presents Tales of the Dark Forest - 28 Fairytale inspired sand sculptures in North Woodstock New Hampshire.  Plan your 2025 Visit at www.sculpturedsand.com  1. The Entrance Towers 2. Grimble the Gnome 3. The Little Prince 4. Zmey Gorynych 5. Music of the Forest 6. The Pied Piper of Hamelin 7. The Old Woman who lived in a Shoe 8. Aladdin and his Wonderful Lamp 9. Winnie the Pooh 10. Steadfast Tin Soldier 11. Cinderella 12. Rumple stiltskin 13. Hansel and Gretel 14. Thumbelina 15. Snow White 16. Baba Yaga and the Hut on Chicken Legs 17. Three Little Pigs 18. Koschey the Immortal 19. The Jungle Book 20. Evenings on a Farm near Dikanka 21. Pinocchio 22. Humpty Dumpty 23. The Hunchback of Notre Dame 24. Dracula 25. Three Billy Goats Gruff 26. Goldielocks and the Three Bears 27. Seven League Boots 28. Peter Pan  All sculptures sculpted by Wladimir Bludnik - Vadim Bandarets - Mikhael Fedo - Slava Lemelianenko,@LifeWellCruised
XnIPEbGXvYg,2024-09-01T16:42:49Z,Fairytale Sand Sculptures presented by Sculputured Sand North Woodstock New Hampshire,We went to Sculptured Sands Tales of the Dark Forest which was 28 fairytale themed sand sculptures.  We had a great time.  Plan your visit for 2025 at www.sculpturedsand.com Thanks for Watching Mr. & Mrs. Amazing,@LifeWellCruised
