videoId,publishedAt,title,description,creator
_79yuU-WW_8,2025-07-13T20:33:31Z,"Eating LUNCH on the Sky Princess || Everything I had, good and bad","Sky Princess cruise was filled with both good and bad food. Today, I tried some favorites for the last sea day buffet. #cruise #princesscruise",@NauticalWanderers
iCh1ztI9PsA,2025-02-13T21:34:53Z,Solo Traveling on Utopia of the Seas was amazing! #solotravel #royalcaribbean,,@NauticalWanderers
qElno1A2duM,2025-01-31T03:23:26Z,Virgin Voyages 105 Sq Ft Solo Cabin Tour,Virgin Voyages 105 ft.² solo cabin room tour onboard  Virgin Voyages Valiant Lady,@NauticalWanderers
5RPQOmUGxNI,2025-01-21T02:22:04Z,Virgin Voyages Cruise How Much I Spent #virginvoyages #cruise #virginvoyagescruise,Thank you so much for watching my channel! We really appreciate that you have SUBSCRIBED and hit that notification bell!.   New videos every Monday & Friday! Be sure to hit the “bell” to get notifications of new videos posted to YouTube!  Follow us to keep up with our lasted wanderings: Blog: www.nauticalwanderers.com,@NauticalWanderers
5s1b5w1sU2g,2025-01-19T02:04:52Z,"Virgin Voyages Valiant Lady room service was great! Cruise food can be yuck, but not VV!",,@NauticalWanderers
skFWx74UUKU,2024-11-17T16:04:46Z,Utopia of the Seas does not disappoint! Their entertainment is next level!! #utopiaoftheseas #cruise,,@NauticalWanderers
axIJdvYTznw,2024-05-05T04:34:02Z,Celebrity Summit Day 4 Cartagena,Thank you so much for watching my channel! We really appreciate that you have SUBSCRIBED and hit that notification bell!.   New videos every Monday & Friday! Be sure to hit the “bell” to get notifications of new videos posted to YouTube!  Follow us to keep up with our lasted wanderings: IG: @nauticalwanderers Blog: www.nauticalwanderers.com,@NauticalWanderers
n3HE7ZAmyFk,2024-05-02T16:00:38Z,Celebrity Summit Panama Canal Cruise Day 2,"""Welcome aboard the Celebrity Summit cruise! Join us for an exhilarating sea day filled with endless fun and relaxation. Get your heart racing at our vibrant onboard casino, where luck awaits at every turn. Unleash your inner artist with our captivating painting sessions, where creativity knows no bounds.  Feeling competitive? Challenge your friends to a thrilling game of cornhole on the deck as you soak in the breathtaking ocean views. And for those seeking to rejuvenate mind and body, embark on a journey of wellness with invigorating exercise.  Whether you're seeking excitement, inspiration, or tranquility, our sea day aboard the Celebrity Summit promises an unforgettable experience for all. Book your adventure now and make memories that will last a lifetime!""  Thank you so much for watching my channel! We really appreciate that you have SUBSCRIBED and hit that notification bell!.   New videos every Monday & Friday! Be sure to hit the “bell” to get notifications of new videos posted to YouTube!  Follow us to keep up with our lasted wanderings: IG: @ Blog: www.nauticalwanderers.com",@NauticalWanderers
3OuxSi1EIhA,2024-05-01T14:00:04Z,Panama Canal Cruise! 14 Days onboard Celebrity Summit || Embarkation Day 1,Thank you so much for watching my channel! We really appreciate that you have SUBSCRIBED and hit that notification bell!.   New videos every Monday & Friday! Be sure to hit the “bell” to get notifications of new videos posted to YouTube!  Follow us to keep up with our lasted wanderings: IG: @nauticalwanderers Blog: www.nauticalwanderers.com,@NauticalWanderers
RGDNeH_b_U8,2024-02-02T07:01:56Z,Cruise food can be a miss… this was a HIT! Le Grill on the MSC Euribia was!!!! #cruiseship #cruise,,@NauticalWanderers
OBGzYu8QLsc,2023-12-20T02:50:48Z,Celebrity Ascent Balcony Room Tour,Thank you so much for watching my channel! We really appreciate that you have SUBSCRIBED and hit that notification bell!.   New videos every Monday & Friday! Be sure to hit the “bell” to get notifications of new videos posted to YouTube!  Follow us to keep up with our lasted wanderings: IG: @ Blog: www.nauticalwanderers.com  🎥: Nikon D3500 🎥: Canon Rebel T5 (throwback 😂) 📷: GoPro Hero7 Black   Edited with: FX HitFilm Express 12 (Thank you FX! 🙌🏼),@NauticalWanderers
EwT41JrSTkc,2023-12-02T13:00:18Z,Royal Caribbean Cruise || Independence of the Seas Cruise Bahamas #independenceoftheseas,Thank you so much for watching my channel! We really appreciate that you have SUBSCRIBED and hit that notification bell!.   New videos every Monday & Friday! Be sure to hit the “bell” to get notifications of new videos posted to YouTube!  Follow us to keep up with our lasted wanderings: IG: @ Blog: www.nauticalwanderers.com  🎥: Nikon D3500 🎥: Canon Rebel T5 (throwback 😂) 📷: GoPro Hero7 Black   Edited with: FX HitFilm Express 12 (Thank you FX! 🙌🏼),@NauticalWanderers
OL7ZtHBIF-Y,2023-12-02T03:33:36Z,Horizon Carnival Cruise Jiji Asian Kitchen  #carnivalcruise #carnivalhorizon  #cruiselife,Thank you so much for watching my channel! We really appreciate that you have SUBSCRIBED and hit that notification bell!.   New videos every Monday & Friday! Be sure to hit the “bell” to get notifications of new videos posted to YouTube!  Follow us to keep up with our lasted wanderings: IG: @ Blog: www.nauticalwanderers.com  🎥: Nikon D3500 🎥: Canon Rebel T5 (throwback 😂) 📷: GoPro Hero7 Black   Edited with: FX HitFilm Express 12 (Thank you FX! 🙌🏼),@NauticalWanderers
zBvYf7PyykY,2023-11-28T13:18:58Z,Independence of the Seas Room Tour || Promenade Interior Room,"Come tour our Royal Caribbean Independence of the Seas promenade stateroom. This interior stateroom tour showcases why this is one of our favorite cruise ship staterooms and why Royal Caribbean is quickly becoming one of our favorite cruise lines. This stateroom tour onboard Independence of the Seas shows views of the Promenade action and then I give my rating of the best or worst stateroom qualities of this room. Then, I am off to a Perfect Day at Coco Cay!  Thank you so much for watching my channel! We really appreciate that you have SUBSCRIBED and hit that notification bell!.   New videos every Tuesday! Be sure to hit the “bell” to get notifications of new videos posted to YouTube!  Follow us to keep up with our lasted wanderings: IG: @nauticalwanderers Blog: www.nauticalwanderers.com",@NauticalWanderers
YKTJ6uxwORE,2023-11-21T19:50:29Z,Birthday Cruise || Independence of the Seas,"Royal Caribbean's Independence of the Seas sailed to The Perfect Day at Coco Cay and I was luck enough to get to spend my birthday onboard as we sailed through the Caribbean! There is nothing like being on a cruise in the Bahamas, especially a Royal Caribbean cruise!!   We enjoyed amazing food in the main dining room onboard Independence of the Seas as well as world-class entertainment. We found out that the cruise drink package was worth it BUT pacing yourself it best!   Thank you so much for watching my channel! We really appreciate that you have SUBSCRIBED and hit that notification bell!.   New videos every Monday & Friday! Be sure to hit the “bell” to get notifications of new videos posted to YouTube!  Follow us to keep up with our lasted wanderings: IG: @nauticalwanderers Blog: www.nauticalwanderers.com",@NauticalWanderers
Ie8KObHpc5A,2023-05-29T15:30:08Z,MSC Meraviglia Balcony Room Tour || Best Cruise Ship Balcony Room?,"MSC Meraviglia balcony room tour on deck 11 was a beautiful room with incredible views! Would we consider this the best cruise ship balcony room? It does come in at one of the top spots! Is a balcony cruise room worth the monty? We think so! Due to this,  highly recommend a balcony onboard, if your budget allows for it! Thank you so much for watching my channel! We really appreciate that you have SUBSCRIBED and hit that notification bell!.   New videos every Monday & Friday! Be sure to hit the “bell” to get notifications of new videos posted to YouTube!  Follow us to keep up with our lasted wanderings: IG: @BrittneyWanders  Blog: www.nauticalwanderers.com  🎥: Nikon D3500 🎥: IPhone 11 (because we aren't fancy!) 📷: GoPro Hero7 and 10 black   Edited with: iMovie (because we have no plans of winning editing awards anytime soon!)",@NauticalWanderers
PKGSzEUpwfs,2023-01-22T21:00:08Z,Carnival Celebration MOST EXHAUSTING Excursion || Amber Cove || Waterfalls of Damajagua,"Welcome to the Carnival Celebration cruise ship's best excursion (IMO). Similar to the Carnival Mardi Gras, Carnival’s Celebration is the current flagship cruise vessel for Carnival Corporation. This cruise ship is every passenger’s dream with the Bolt roller coaster at sea, tons of dining options and amazing shows! It also provides incredible excursions such as Damajagua Falls in the popular port of Amber Cove Dominican Republic.  The Damajaqua Falls is worth every bit of exhaustion! After the uphill trek through the rainforest its all downhill! You get to take the cool waters back down. Climbing, Sliding or even Jumping down! We recommend this Excursion 100%! Stay tuned until the end for current pricing of this excursion as of January 2023.  Since you made it this far, go ahead and subscribe to the channel!  Be sure to hit the “bell” to get notifications of new videos posted to YouTube!  Follow us to keep up with our latest wanderings: IG: @nauticalwanderers Blog: www.nauticalwanderers.com  Action-Cam Wriststrap we used to film with our GoPros down here ⬇.  https://www.amazon.com/dp/B07H4MSW9Q/ref=cm_sw_r_as_gl_api_gl_i_61P4VVX88ME1GQTE0P54?linkCode=ml1&tag=kellmankirkco-20   Cruise Ship must have items down here ⬇.  https://www.amazon.com/shop/kellmankirkconnell/list/151X2DHNB3J9V?ref_=cm_sw_r_cp_ud_aipsflist_aipsfkellmankirkconnell_M52RFN4EGWDE1F4RN28Z     🎥: Nikon D3500 🎥: Canon Rebel T5 (throwback 😂) 📷: GoPro Hero7 Black 📷: GoPro Hero10 Black   Edited with: DaVinci Resolve 18",@NauticalWanderers
jmnvj3bNQWQ,2023-01-14T05:00:30Z,Carnival Celebration Cruise || Embarkation Day 1,"Welcome to day 1 onboard the Carnival Celebration cruise ship. Similar to the Carnival Mardi Gras, Carnival’s Celebration is the current flagship cruise vessel for Carnival Corporation. This cruise ship is every passenger’s dream with the Bolt roller coaster at sea, tons of dining options and amazing shows!  Follow us on TikTok and Instagram  Brittney: @nauticalwanderers Kellman: @kellman9   We will be going live daily so be sure to join Kellman’s TikTok!",@NauticalWanderers
jR4mFfb2vKE,2023-01-10T02:23:27Z,Our trip onboard the MSC Meraviglia! #msccruise #cruiselife #nauticalwanderers,,@NauticalWanderers
RuusEHfliug,2021-01-26T04:10:16Z,Carnival Cruise Line Stock Decline || When Will Cruising Resume,"When will cruising start again? We all hope that cruises will resume soon. Carnival stock prices are on the decline again due to the lack of cruise travel! The latest cruise industry update is not what we hoped for. With cruising not fully resuming until 2022, Carnival Cruise Line cancels cruises through April 2021 and beyond.  Thank you so much for watching my channel! I really appreciate that you have SUBSCRIBED and hit that notification bell!.   New videos every Monday & Friday! Be sure to hit the “bell” to get notifications of new videos posted to YouTube!  🎥: Nikon D3500 🎥: Canon Rebel T5 (throwback 😂) 📷: GoPro Hero7 Black   Edited with: FX HitFilm Express 12 (Thank you FX! 🙌🏼)  #carnivalcruisestock #carnivalcruises #cruiseship",@NauticalWanderers
7VelandErp0,2020-02-18T04:19:40Z,CARNIVAL HORIZON CRUISE || Aruba Lighthouse,"Carnival Cruise Line's Horizon was a fantastic cruise that took us to the beautiful island of Aruba. The Aruba port of call was perfect for renting a car and driving around. We ended up at the Aruba lighthouse called the California Lighthouse. It was BEAUTIFUL! If you are looking for an Aruba cruise excursion, this stop is a must.   Thank you so much for watching the Nautical Wanderers channel! We really appreciate that you have SUBSCRIBED and joined our awesome group of wanderers.   New videos every Monday/Wednesday/Friday! Be sure to hit the “bell” to get notifications of new videos posted to YouTube!  Follow us to keep up with our lasted wanderings: IG: @nauticalwanderers FB: @nauticalwanderers Blog: www.nauticalwanderers.com  🎥: Nikon D3500 🎥: Canon Rebel T5 (throwback 😂) 📷: GoPro Hero7 Black   Edited with: FX HitFilm Express 12 (Thank you FX! 🙌🏼)",@NauticalWanderers
X7G9Tk85L5Y,2020-01-08T04:48:21Z,Carnival Cruise Chocolate Melting Cake || Easy Quick Recipe,"Carnival Cruise Line's Famous Warm Chocolate Melting Cake is the most delicious cake EVER! This ""How To Make A Chocolate Melting Cake"" video will take you step by step through this easy, quick recipe. You won't regret making this cake and it will hold you over until your next cruise!  I recommend these white porcelain ramekins instead of the glass ones I used... the glass ones took longer to cook: https://amzn.to/2Nkjzm2   Thank you so much for watching the Nautical Wanderers channel! We really appreciate that you have SUBSCRIBED and joined our awesome group of wanderers.   New videos every Monday/Wednesday/Friday! Be sure to hit the “bell” to get notifications of new videos posted to YouTube!  I’ll be cooking my way through the Carnival Cruise Line recipes: https://www.carnival.com/recipes.aspx   Follow us to keep up with our lasted wanderings: IG: @nauticalwanderers FB: @nauticalwanderers Blog: www.nauticalwanderers.com  🎥: Nikon D3500 🎥: Canon Rebel T5 (throwback 😂) 📷: GoPro Hero7 Black   Edited with: FX HitFilm Express 12 (Thank you FX! 🙌🏼)  #carnivalcruise #chocolatemeltingcake #carnivalcake",@NauticalWanderers
mwPviJEumZ0,2019-09-30T19:40:14Z,Grand Suite Room Carnival Splendor || Pre-Renovation 2019,Thank you so much for watching the Nautical Wanderers channel! We really appreciate that you have SUBSCRIBED and joined our awesome group of wanderers.   New videos every Monday/Wednesday/Friday! Be sure to hit the “bell” to get notifications of new videos posted to YouTube!  Follow us to keep up with our lasted wanderings: IG: @nauticalwanderers FB: @nauticalwanderers Blog: www.nauticalwanderers.com  🎥: Nikon D3500 🎥: Canon Rebel T5 (throwback 😂) 📷: GoPro Hero7 Black   Edited with: FX HitFilm Express 12 (Thank you FX! 🙌🏼),@NauticalWanderers
bCW1Whr4fFA,2019-07-05T02:25:23Z,CONSIDER THIS: Carnival Drink Package || All You Can Drink Worth It?,Is the Carnival cruise drink package worth the money? Should I get the drink package? Will my cruise even be the same if I’m not drunk the whole time? The answer to these questions and more in today’s Q&A video! 🍺🍹🍷  Drink Calculator: https://www.cruzely.com/cruise-line-drink-package-calculator/  Thank you so much for watching the Nautical Wanderers channel! We really appreciate that you have SUBSCRIBED and joined our awesome group of wanderers.   New videos every Monday/Wednesday/Friday! Be sure to hit the “bell” to get notifications of new videos posted to YouTube!  Follow us to keep up with our lasted wanderings: IG: @nauticalwanderers FB: @nauticalwanderers Blog: www.nauticalwanderers.com  🎥: Nikon D3500 🎥: Canon Rebel T5 (throwback 😂) 📷: GoPro Hero7 Black   Edited with: FX HitFilm Express 12 (Thank you FX! 🙌🏼)  #carnivalcruise #drinkpackage #cruisedrinks,@NauticalWanderers
GWKQNMte0UE,2019-04-26T19:45:46Z,Carnival Horizon || SkyCourse Ropes Course (2019),"The Carnival Horizon is home to the Skycourse, a ropes course 150ft above the sea! This free activity is perfect for those who love love to cruise and love to participate in fun things. Be sure to check it out next time you are on your Carnival cruise!!  Thank you so much for watching the Nautical Wanderers channel! We really appreciate that you have SUBSCRIBED and joined our awesome group of wanderers.   New videos every Monday/Wednesday/Friday! Be sure to hit the “bell” to get notifications of new videos posted to YouTube!  Follow us to keep up with our lasted wanderings: IG: @nauticalwanderers FB: @nauticalwanderers Blog: www.nauticalwanderers.com  🎥: Nikon D3500 🎥: Canon Rebel T5 (throwback 😂) 📷: GoPro Hero7 Black   Edited with: FX HitFilm Express 12 (Thank you FX! 🙌🏼)",@NauticalWanderers
w9zN3zbOh_Y,2019-04-24T03:19:34Z,Carnival Horizon || IMAX Theater Carnival Multiplex (2019),Carnival Horizon Multiplex is home to one of only two IMAX Theaters in the Carnival fleet (the other is on the Carnival Vista). Be sure to check out this cruise ship attraction for the latest new releases and fun for the whole family.   Thank you so much for watching the Nautical Wanderers channel! We really appreciate that you have SUBSCRIBED and joined our awesome group of wanderers.   New videos every Monday/Wednesday/Friday! Be sure to hit the “bell” to get notifications of new videos posted to YouTube!  Follow us to keep up with our lasted wanderings: IG: @nauticalwanderers FB: @nauticalwanderers Blog: www.nauticalwanderers.com  🎥: Nikon D3500 🎥: Canon Rebel T5 (throwback 😂) 📷: GoPro Hero7 Black   Edited with: FX HitFilm Express 12 (Thank you FX! 🙌🏼)  #carnivalhorizon #cruise #horizontour,@NauticalWanderers
3BiF1dL84b0,2019-04-21T15:51:29Z,Carnival Horizon || JiJi Asian Kitchen Food Review (2019),Carnival Horizon's specialty dining options are abundant and it can be hard to choose but Jiji's Asian Kitchen should be at the top of your list! The Carnival Horizon chefs do an amazing with these food dishes at Jiji's. The small price for Jiji's Asian Restaurant is well worth the amount of food and service received.   Thank you so much for watching the Nautical Wanderers channel! We really appreciate that you have SUBSCRIBED and joined our awesome group of wanderers.   New videos every Tuesday/Thursday/Sunday! Be sure to hit the “bell” to get notifications of new videos posted to YouTube!  Follow us to keep up with our lasted wanderings: IG: @nauticalwanderers FB: @nauticalwanderers Blog: www.nauticalwanderers.com  🎥: Nikon D3500 🎥: Canon Rebel T5 (throwback 😂) 📷: GoPro Hero7 Black   Edited with: FX HitFilm Express 12 (Thank you FX! 🙌🏼)  #carnivalhorizon #JijisAsianKitchen #cruisefoodreview,@NauticalWanderers
LiBvIaTtrTo,2019-04-17T04:05:57Z,Things to do in Aruba || Donkey Sanctuary Aruba,"If you are taking a cruise to Aruba or looking for fun things to do in Aruba, the Donkey Sanctuary is a must! It's a short, fun trip for any animal lover and your donations help keep the organization caring for these sweet babies.   Thank you so much for watching the Nautical Wanderers channel! We really appreciate that you have SUBSCRIBED and joined our awesome group of wanderers.   New videos every Tuesday/Thursday/Sunday! Be sure to hit the “bell” to get notifications of new videos posted to YouTube!  Follow us to keep up with our lasted wanderings: IG: @nauticalwanderers FB: @nauticalwanderers Blog: www.nauticalwanderers.com  🎥: Nikon D3500 🎥: Canon Rebel T5 (throwback 😂) 📷: GoPro Hero7 Black   Edited with: FX HitFilm Express 12 (Thank you FX! 🙌🏼)  #aruba #shoreexcursion #mustseearuba",@NauticalWanderers
lTIbt22lvbc,2019-04-14T07:03:03Z,Carnival Horizon | Guy's Pig & Anchor Smokehouse || Brewhouse  {2019},"Carnival Horizon cruise ship does not disappoint with their specialty restaurant, Guy's Pig and Anchor Smokehouse || Brewhouse. Both the cruise specialty restaurant and the cruise buffet are DELICIOUS! Be sure to check them both out!!   Thank you so much for watching the Nautical Wanderers channel! We really appreciate that you have SUBSCRIBED and joined our awesome group of wanderers.   New videos every day! Be sure to hit the “bell” to get notifications of our newest videos posted to YouTube!  Follow us to keep up with our lasted wanderings: IG: @nauticalwanderers FB: @nauticalwanderers Blog: www.nauticalwanderers.com  🎥: Nikon D3500 🎥: Canon Rebel T5 (throwback 😂) 📷: GoPro Hero7 Black   Edited with: FX HitFilm Express 12 (Thank you FX! 🙌🏼)",@NauticalWanderers
oOzQMK4vRuw,2019-04-05T15:53:23Z,Carnival Cruise Lines Bans Passengers Stuck in Elevator || Video Footage,"Over the weekend of March 30th. 2019, Carnival Cruise passengers were stuck in an elevator onboard the Carnival Inspiration. Once freed, they were then banned from all Carnival ships.   See full blog post here: https://www.nauticalwanderers.com/blog/carnival-cruise-line-passengers-stuck-in-elevator-then-banned-for-future-cruises  Thank you so much for watching the Nautical Wanderers channel! We really appreciate that you have SUBSCRIBED and joined our awesome group of wanderers.   New videos every Monday/Wednesday/Friday! Be sure to hit the “bell” to get notifications of new videos posted to YouTube!  Follow us to keep up with our lasted wanderings: IG: @nauticalwanderers FB: @nauticalwanderers Blog: www.nauticalwanderers.com  🎥: Nikon D3500 🎥: Canon Rebel T5 (throwback 😂) 📷: GoPro Hero7 Black   Edited with: FX HitFilm Express 12 (Thank you FX! 🙌🏼)",@NauticalWanderers
vVjP5_u0134,2019-02-25T00:44:20Z,Welcome to Nautical Wanderers || Passionately Cruising this Planet,Thank you so much for watching the Nautical Wanderers channel! We really appreciate that you have SUBSCRIBED and joined our awesome group of wanderers.   New videos every Monday/Wednesday/Friday! Be sure to hit the “bell” to get notifications of new videos posted to YouTube!  Follow us to keep up with our lasted wanderings: IG: @nauticalwanderers FB: @nauticalwanderers Blog: www.nauticalwanderers.com  🎥: Nikon D3500 🎥: Canon Rebel T5 (throwback 😂) 📷: GoPro Hero7 Black   Edited with: FX HitFilm Express 12 (Thank you FX! 🙌🏼)  #carnivalcruise #nauticalwanderers #nauticalwanderer #cruiselife,@NauticalWanderers
I5rsHYhM2XU,2019-01-11T04:00:22Z,"Lynchburg, Tennessee - Jack Daniels Distillery & Cake and Candy Company","Lynchburg, Tennessee is home to the Jack Daniel's Distillery & Food Network and Paula Dean Family featured Lynchburg Cake and Candy Company.  This video is just a small snippet of the beautiful, small town of Lynchburg, Tennessee. There are many more things to do such as additional shops to visit, a winery and tasting shop as well as a really cool old jail.    If you are anywhere around this beautiful town, make sure to stop in for this fun day trip to Lynchburg.",@NauticalWanderers
