videoId,publishedAt,title,description,creator
g2e5dG2cj-Q,2025-08-26T19:46:05Z,Who set the standard for Nigerian musicians? Do you agree? #nigerianmusic #interview #podcast #love,,@TheCruiseRoom
1_KUWM7TAo0,2025-08-26T05:35:04Z,TCR EPISODE 12,Music/Industry talk,@TheCruiseRoom
T808-WjrGK4,2025-08-10T15:11:01Z,TCR EPISODE 11,HYPOCRISY IN THE CHURCH,@TheCruiseRoom
06Ix5vEQtuM,2025-08-10T10:43:19Z,episode 11 now out. watch full video on page.,"Jion us as we talk about hypocrisy in the church, share your thoughts in. the comment section.",@TheCruiseRoom
