[
  {
    "name": "Chef's Table",
    "slug": "chefs-table-experience",
    "premium": true,
    "ships": [
      "icon-of-the-seas",
      "star-of-the-seas",
      "oasis-of-the-seas",
      "allure-of-the-seas",
      "harmony-of-the-seas",
      "symphony-of-the-seas",
      "wonder-of-the-seas",
      "utopia-of-the-seas",
      "freedom-of-the-seas",
      "liberty-of-the-seas",
      "independence-of-the-seas",
      "voyager-of-the-seas",
      "explorer-of-the-seas",
      "adventure-of-the-seas",
      "navigator-of-the-seas",
      "mariner-of-the-seas",
      "radiance-of-the-seas",
      "brilliance-of-the-seas",
      "serenade-of-the-seas",
      "jewel-of-the-seas",
      "vision-of-the-seas",
      "rhapsody-of-the-seas",
      "enchantment-of-the-seas",
      "grandeur-of-the-seas"
    ]
  },
  {
    "name": "Protect the Egg",
    "slug": "protect-the-egg",
    "premium": false,
    "ships": [
      "icon-of-the-seas",
      "star-of-the-seas",
      "oasis-of-the-seas",
      "allure-of-the-seas",
      "harmony-of-the-seas",
      "symphony-of-the-seas",
      "wonder-of-the-seas",
      "utopia-of-the-seas",
      "freedom-of-the-seas",
      "liberty-of-the-seas",
      "independence-of-the-seas",
      "voyager-of-the-seas",
      "explorer-of-the-seas",
      "adventure-of-the-seas",
      "navigator-of-the-seas",
      "mariner-of-the-seas",
      "radiance-of-the-seas",
      "brilliance-of-the-seas",
      "serenade-of-the-seas",
      "jewel-of-the-seas",
      "vision-of-the-seas",
      "rhapsody-of-the-seas",
      "enchantment-of-the-seas",
      "grandeur-of-the-seas"
    ]
  },
  {
    "name": "Belly Flop Competition",
    "slug": "belly-flop",
    "premium": false,
    "ships": [
      "icon-of-the-seas",
      "star-of-the-seas",
      "oasis-of-the-seas",
      "allure-of-the-seas",
      "harmony-of-the-seas",
      "symphony-of-the-seas",
      "wonder-of-the-seas",
      "utopia-of-the-seas",
      "freedom-of-the-seas",
      "liberty-of-the-seas",
      "independence-of-the-seas",
      "voyager-of-the-seas",
      "explorer-of-the-seas",
      "adventure-of-the-seas",
      "navigator-of-the-seas",
      "mariner-of-the-seas",
      "radiance-of-the-seas",
      "brilliance-of-the-seas",
      "serenade-of-the-seas",
      "jewel-of-the-seas",
      "vision-of-the-seas",
      "rhapsody-of-the-seas",
      "enchantment-of-the-seas",
      "grandeur-of-the-seas"
    ]
  },
  {
    "name": "All Access Tour",
    "slug": "all-access-tour",
    "premium": true,
    "ships": [
      "icon-of-the-seas",
      "star-of-the-seas",
      "oasis-of-the-seas",
      "allure-of-the-seas",
      "harmony-of-the-seas",
      "symphony-of-the-seas",
      "wonder-of-the-seas",
      "utopia-of-the-seas",
      "freedom-of-the-seas",
      "liberty-of-the-seas",
      "independence-of-the-seas",
      "voyager-of-the-seas",
      "explorer-of-the-seas",
      "adventure-of-the-seas",
      "navigator-of-the-seas",
      "mariner-of-the-seas",
      "radiance-of-the-seas",
      "brilliance-of-the-seas",
      "serenade-of-the-seas",
      "jewel-of-the-seas",
      "vision-of-the-seas",
      "rhapsody-of-the-seas",
      "enchantment-of-the-seas",
      "grandeur-of-the-seas"
    ]
  }
]