[
  {
    "name": "Icon of the Seas",
    "slug": "icon-of-the-seas",
    "class": "Icon",
    "finished": true
  },
  {
    "name": "Star of the Seas",
    "slug": "star-of-the-seas",
    "class": "Icon",
    "finished": true
  },
  {
    "name": "Oasis of the Seas",
    "slug": "oasis-of-the-seas",
    "class": "Oasis",
    "finished": true
  },
  {
    "name": "Allure of the Seas",
    "slug": "allure-of-the-seas",
    "class": "Oasis",
    "finished": true
  },
  {
    "name": "Harmony of the Seas",
    "slug": "harmony-of-the-seas",
    "class": "Oasis",
    "finished": true
  },
  {
    "name": "Symphony of the Seas",
    "slug": "symphony-of-the-seas",
    "class": "Oasis",
    "finished": true
  },
  {
    "name": "Wonder of the Seas",
    "slug": "wonder-of-the-seas",
    "class": "Oasis",
    "finished": true
  },
  {
    "name": "Utopia of the Seas",
    "slug": "utopia-of-the-seas",
    "class": "Oasis",
    "finished": true
  },
  {
    "name": "Freedom of the Seas",
    "slug": "freedom-of-the-seas",
    "class": "Freedom",
    "finished": true
  },
  {
    "name": "Liberty of the Seas",
    "slug": "liberty-of-the-seas",
    "class": "Freedom",
    "finished": true
  },
  {
    "name": "Independence of the Seas",
    "slug": "independence-of-the-seas",
    "class": "Freedom",
    "finished": true
  },
  {
    "name": "Voyager of the Seas",
    "slug": "voyager-of-the-seas",
    "class": "Voyager",
    "finished": true
  },
  {
    "name": "Explorer of the Seas",
    "slug": "explorer-of-the-seas",
    "class": "Voyager",
    "finished": true
  },
  {
    "name": "Adventure of the Seas",
    "slug": "adventure-of-the-seas",
    "class": "Voyager",
    "finished": true
  },
  {
    "name": "Navigator of the Seas",
    "slug": "navigator-of-the-seas",
    "class": "Voyager",
    "finished": true
  },
  {
    "name": "Mariner of the Seas",
    "slug": "mariner-of-the-seas",
    "class": "Voyager",
    "finished": true
  },
  {
    "name": "Radiance of the Seas",
    "slug": "radiance-of-the-seas",
    "class": "Radiance",
    "finished": true
  },
  {
    "name": "Brilliance of the Seas",
    "slug": "brilliance-of-the-seas",
    "class": "Radiance",
    "finished": true
  },
  {
    "name": "Serenade of the Seas",
    "slug": "serenade-of-the-seas",
    "class": "Radiance",
    "finished": true
  },
  {
    "name": "Jewel of the Seas",
    "slug": "jewel-of-the-seas",
    "class": "Radiance",
    "finished": true
  },
  {
    "name": "Vision of the Seas",
    "slug": "vision-of-the-seas",
    "class": "Vision",
    "finished": true
  },
  {
    "name": "Rhapsody of the Seas",
    "slug": "rhapsody-of-the-seas",
    "class": "Vision",
    "finished": true
  },
  {
    "name": "Enchantment of the Seas",
    "slug": "enchantment-of-the-seas",
    "class": "Vision",
    "finished": true
  },
  {
    "name": "Grandeur of the Seas",
    "slug": "grandeur-of-the-seas",
    "class": "Vision",
    "finished": true
  },
  {
    "name": "Majesty of the Seas (archive)",
    "slug": "majesty-of-the-seas",
    "class": "Archive",
    "finished": true
  }
]