[
  {
    "name": "Chops Grille",
    "slug": "chops-grille",
    "premium": true
  },
  {
    "name": "150 Central Park",
    "slug": "150-central-park",
    "premium": true
  },
  {
    "name": "Giovanni’s",
    "slug": "giovannis",
    "premium": true
  },
  {
    "name": "Izumi",
    "slug": "izumi",
    "premium": true
  },
  {
    "name": "Teppanyaki",
    "slug": "teppanyaki",
    "premium": true
  },
  {
    "name": "Hooked Seafood",
    "slug": "hooked-seafood",
    "premium": true
  },
  {
    "name": "Chef’s Table",
    "slug": "chefs-table",
    "premium": true
  },
  {
    "name": "Johnny Rockets",
    "slug": "johnny-rockets",
    "premium": true
  },
  {
    "name": "Main Dining Room",
    "slug": "main-dining-room",
    "premium": false
  },
  {
    "name": "Windjammer Café",
    "slug": "windjammer",
    "premium": false
  },
  {
    "name": "Park Café",
    "slug": "park-cafe",
    "premium": false
  },
  {
    "name": "El Loco Fresh",
    "slug": "el-loco-fresh",
    "premium": false
  },
  {
    "name": "Playmakers",
    "slug": "playmakers",
    "premium": false
  }
]