{
  "meta": {
    "schema_version": "0.4",
    "generated_utc": "2025-10-20T14:51:32Z",
    "source": "In the Wake — planning dataset (hand-curated)",
    "region_group": "USA"
  },
  "pills_order": [
    "blurb",
    "tips",
    "warnings",
    "airports",
    "distances",
    "transfer_options",
    "parking",
    "lodging",
    "notes"
  ],
  "states": [
    {
      "state_code": "TX",
      "state_name": "Texas",
      "ports": [
        {
          "port_code": "GLS",
          "port_name": "Port of Galveston",
          "serves_lines": [
            "Royal Caribbean",
            "Carnival",
            "Disney (select sailings)",
            "Princess (seasonal)"
          ],
          "blurb": "Galveston is Royal Caribbean’s major Gulf gateway and a favorite for drive‑market cruisers across Texas, Oklahoma, Louisiana, and the Mountain West. The island vibe is easygoing, terminals are modern, and airport access is via Houston’s two airports (HOU and IAH).",
          "tips": [
            "Plan your arrival the day before during peak seasons (spring break, summer, holidays) to remove flight‑day risk.",
            "Use Houston Hobby (HOU) when possible — it’s closer to Galveston and usually faster for ground transfers.",
            "If you’re driving, reserve parking ahead of time (on‑port or reputable off‑site lots) and screenshot your QR code.",
            "Budget extra time crossing the causeway (I‑45) on weekend mornings and late afternoons."
          ],
          "warnings": [
            "Traffic: I‑45 southbound into Galveston backs up most Saturdays 9:30–12:30 and northbound after disembarkation.",
            "Weather: Gulf fog can delay morning operations in winter/early spring; tropical systems can impact late summer/fall.",
            "Events: Island festivals and beach weekends strain parking and hotel inventory — check the city calendar.",
            "Bridge/Causeway incidents occasionally slow access; watch live traffic before you depart."
          ],
          "airports": [
            {
              "iata": "HOU",
              "name": "William P. Hobby Airport",
              "city": "Houston",
              "approx_distance_mi": 41,
              "typical_drive_time_offpeak_min": 50,
              "notes": "Closest major airport; Southwest stronghold; fastest rideshare times to Galveston."
            },
            {
              "iata": "IAH",
              "name": "George Bush Intercontinental Airport",
              "city": "Houston",
              "approx_distance_mi": 70,
              "typical_drive_time_offpeak_min": 75,
              "notes": "More long‑haul and international options; allow extra time for transfers across Houston."
            }
          ],
          "distances": [
            {
              "from": "HOU",
              "to": "Port of Galveston (Terminals 10/25/28)",
              "miles": 41,
              "drive_time_offpeak_min": 50,
              "rush_hour_add_min": 25,
              "notes": "Add more on summer Saturdays and after 3pm weekdays."
            },
            {
              "from": "IAH",
              "to": "Port of Galveston (Terminals 10/25/28)",
              "miles": 70,
              "drive_time_offpeak_min": 75,
              "rush_hour_add_min": 35,
              "notes": "Beltway or downtown routes can bottleneck; check live traffic."
            },
            {
              "from": "Downtown Houston",
              "to": "Port of Galveston",
              "miles": 51,
              "drive_time_offpeak_min": 60,
              "rush_hour_add_min": 30,
              "notes": "Weekend beach traffic may add 20–40 minutes."
            }
          ],
          "transfer_options": {
            "rideshare": "Uber/Lyft widely available at HOU/IAH and Galveston. Peak embark mornings surge — consider scheduling.",
            "shuttles": "Cruise‑dedicated shuttles operate HOU/IAH ↔ Galveston; prebook round‑trips to lock pricing.",
            "rentals": "HOU has the easiest on‑site rentals; many Galveston lots allow one‑way returns near the port.",
            "cruise_line_transfers": "Convenient for first‑timers; not always cheapest; runs on ship schedule."
          },
          "parking": {
            "on_port": "Official Port of Galveston parking (covered/uncovered) near Terminals 10/25/28; prepay for best rate.",
            "off_site": "Several reputable operators provide shuttle‑served lots; verify hours for late returns and storms.",
            "oversize": "Confirm height limits for garages; surface lots recommended for tall/oversize vehicles."
          },
          "lodging": {
            "areas": [
              {
                "name": "Seawall / Beachfront",
                "notes": "Resort feel, easy dining, busier on weekends; 10–15 min to terminals."
              },
              {
                "name": "Historic Strand District",
                "notes": "Walkable to shops/restaurants; closest to port; limited parking."
              },
              {
                "name": "League City / Webster (Mainland)",
                "notes": "Often better rates; ~30–40 min to port depending on traffic."
              }
            ],
            "park_sleep_cruise": "Multiple hotels offer cruise parking with 1‑night stay — confirm shuttle timing and capacity."
          },
          "notes": [
            "Terminals: Royal Caribbean primarily uses Terminal 10 (newest); other lines use 25/28 — check your e‑docs.",
            "Family tip: Bring snacks/water for the drive; weekend I‑45 slowdowns are common.",
            "Return day: Flights before 12:30 pm from HOU are usually fine with self‑assist; IAH needs a wider margin."
          ]
        }
      ]
    }
  ]
}