port_id,state,city,port_name,airport_code,airport_name,distance_miles_approx,drive_time_offpeak_min_approx,notes
fl-miami,FL,Miami,PortMiami,MIA,Miami International,8,20,Primary
fl-miami,FL,Miami,PortMiami,FLL,Fort Lauderdale–Hollywood,27,45,Secondary; Tri-Rail/express buses
fl-miami,FL,Miami,PortMiami,PBI,Palm Beach International,72,90,Backup
fl-ftl,FL,Fort Lauderdale,Port Everglades,FLL,Fort Lauderdale–Hollywood,3,10,Closest
fl-ftl,FL,Fort Lauderdale,Port Everglades,MIA,Miami International,27,45,Wider flight network
fl-ftl,FL,Fort Lauderdale,Port Everglades,PBI,Palm Beach International,50,65,Backup
fl-canaveral,FL,Port Canaveral,Port Canaveral,MLB,Melbourne Orlando International,26,35,Closest small airport
fl-canaveral,FL,Port Canaveral,Port Canaveral,MCO,Orlando International,45,50,Primary; many shuttles
fl-canaveral,FL,Port Canaveral,Port Canaveral,SFB,Orlando Sanford,61,65,Secondary; low-cost carriers
fl-tpa,FL,Tampa,Port Tampa Bay,TPA,Tampa International,9,20,Primary; efficient
fl-tpa,FL,Tampa,Port Tampa Bay,PIE,St. Pete–Clearwater,17,30,Secondary; Allegiant focus
fl-tpa,FL,Tampa,Port Tampa Bay,SRQ,Sarasota–Bradenton,50,60,Backup
tx-galveston,TX,Galveston,Port of Galveston,HOU,Houston Hobby,42,55,Closest major
tx-galveston,TX,Galveston,Port of Galveston,IAH,Houston Intercontinental,71,85,Bigger network
wa-seattle,WA,Seattle,Bell Street / Smith Cove,SEA,Seattle–Tacoma,15,25,Primary SEA; Link+rideshares
wa-seattle,WA,Seattle,Bell Street / Smith Cove,PAE,Paine Field (Everett),27,40,Limited flights
nj-bayonne,NJ,Bayonne (NYC Area),Cape Liberty,EWR,Newark Liberty,11,22,Closest/fastest
nj-bayonne,NJ,Bayonne (NYC Area),Cape Liberty,JFK,John F. Kennedy,36,60,Widest long-haul options
nj-bayonne,NJ,Bayonne (NYC Area),Cape Liberty,LGA,LaGuardia,30,55,Domestic-heavy
md-baltimore,MD,Baltimore,Port of Baltimore (South Locust Point),BWI,Baltimore/Washington,12,25,Primary
md-baltimore,MD,Baltimore,Port of Baltimore (South Locust Point),DCA,Reagan National,43,60,Metro+Amtrak options
md-baltimore,MD,Baltimore,Port of Baltimore (South Locust Point),IAD,Dulles,62,75,International long-haul
ma-boston,MA,Boston,Flynn Cruiseport Boston (Black Falcon),BOS,Logan International,4,12,Primary; tunnel tolls possible
ma-boston,MA,Boston,Flynn Cruiseport Boston (Black Falcon),MHT,Manchester–Boston,54,65,Backup; fewer flights
ma-boston,MA,Boston,Flynn Cruiseport Boston (Black Falcon),PVD,Providence (T.F. Green),57,70,Backup
la-nola,LA,New Orleans,Port NOLA (Erato/Julia),MSY,Louis Armstrong New Orleans,16,25,Primary
la-nola,LA,New Orleans,Port NOLA (Erato/Julia),BTR,Baton Rouge Metro,81,95,Backup; limited
la-nola,LA,New Orleans,Port NOLA (Erato/Julia),GPT,Gulfport–Biloxi,80,95,Gulf Coast option
al-mobile,AL,Mobile,Mobile Alabama Cruise Terminal,MOB,Mobile Regional,18,30,Closest; regional flights
al-mobile,AL,Mobile,Mobile Alabama Cruise Terminal,PNS,Pensacola International,60,70,Good backup from many hubs
al-mobile,AL,Mobile,Mobile Alabama Cruise Terminal,GPT,Gulfport–Biloxi,70,80,Mississippi Coast option
al-mobile,AL,Mobile,Mobile Alabama Cruise Terminal,MSY,Louis Armstrong New Orleans,150,140,Farther but wide network
va-norfolk,VA,Norfolk,Decker Half Moone Cruise Center,ORF,Norfolk International,9,18,Primary; close-in
va-norfolk,VA,Norfolk,Decker Half Moone Cruise Center,PHF,Newport News/Williamsburg,25,35,Across the water
va-norfolk,VA,Norfolk,Decker Half Moone Cruise Center,RIC,Richmond International,95,100,Major backup option
ak-seward,AK,Seward,Port of Seward,ANC,Ted Stevens Anchorage,127,150,Rail/bus/shuttle; scenic Seward Hwy
ak-whittier,AK,Whittier,Port of Whittier,ANC,Ted Stevens Anchorage,60,90,Anton Anderson Tunnel timed one-way
pr-san-juan,PR,San Juan,San Juan Cruise Port,SJU,Luis Muñoz Marín,8,20,Primary
