{
  "meta": {
    "version": "0.4",
    "generated_utc": "2025-10-20T15-15-50Z",
    "source_layers": [
      "v0.3_dataset",
      "assistant_augmented"
    ],
    "schema_version": "planning_schema_v0.4"
  },
  "ports": [
    {
      "port_id": "fl-miami",
      "state": "FL",
      "city": "Miami",
      "port_name": "PortMiami",
      "pill_group": "Florida",
      "popularity_rank_within_state": 1,
      "cruise_lines": {
        "RCL": true,
        "Carnival": true,
        "NCL": true,
        "MSC": true,
        "Celebrity": true
      },
      "airports": [
        {
          "code": "MIA",
          "name": "Miami International",
          "distance_miles_approx": 8,
          "drive_time_offpeak_min_approx": 20,
          "notes": "Primary"
        },
        {
          "code": "FLL",
          "name": "Fort Lauderdale–Hollywood",
          "distance_miles_approx": 27,
          "drive_time_offpeak_min_approx": 45,
          "notes": "Secondary; Tri-Rail/express buses"
        },
        {
          "code": "PBI",
          "name": "Palm Beach International",
          "distance_miles_approx": 72,
          "drive_time_offpeak_min_approx": 90,
          "notes": "Backup"
        }
      ],
      "notes": "",
      "warnings": [
        "I-95/836/112 rush hours cause delays",
        "Port tunnels can back up during peak embark/debark"
      ]
    },
    {
      "port_id": "fl-ftl",
      "state": "FL",
      "city": "Fort Lauderdale",
      "port_name": "Port Everglades",
      "pill_group": "Florida",
      "popularity_rank_within_state": 2,
      "cruise_lines": {
        "RCL": true,
        "Carnival": true,
        "Princess": true,
        "Celebrity": true,
        "Holland America": true
      },
      "airports": [
        {
          "code": "FLL",
          "name": "Fort Lauderdale–Hollywood",
          "distance_miles_approx": 3,
          "drive_time_offpeak_min_approx": 10,
          "notes": "Closest"
        },
        {
          "code": "MIA",
          "name": "Miami International",
          "distance_miles_approx": 27,
          "drive_time_offpeak_min_approx": 45,
          "notes": "Wider flight network"
        },
        {
          "code": "PBI",
          "name": "Palm Beach International",
          "distance_miles_approx": 50,
          "drive_time_offpeak_min_approx": 65,
          "notes": "Backup"
        }
      ],
      "notes": "",
      "warnings": [
        "US-1, I-95, and I-595 can snarl at rush hour"
      ]
    },
    {
      "port_id": "fl-canaveral",
      "state": "FL",
      "city": "Port Canaveral",
      "port_name": "Port Canaveral",
      "pill_group": "Florida",
      "popularity_rank_within_state": 3,
      "cruise_lines": {
        "RCL": true,
        "Carnival": true,
        "Disney": true,
        "NCL": true
      },
      "airports": [
        {
          "code": "MLB",
          "name": "Melbourne Orlando International",
          "distance_miles_approx": 26,
          "drive_time_offpeak_min_approx": 35,
          "notes": "Closest small airport"
        },
        {
          "code": "MCO",
          "name": "Orlando International",
          "distance_miles_approx": 45,
          "drive_time_offpeak_min_approx": 50,
          "notes": "Primary; many shuttles"
        },
        {
          "code": "SFB",
          "name": "Orlando Sanford",
          "distance_miles_approx": 61,
          "drive_time_offpeak_min_approx": 65,
          "notes": "Secondary; low-cost carriers"
        }
      ],
      "notes": "",
      "warnings": [
        "Beach traffic on A1A/528",
        "Kennedy Space Center event days add congestion"
      ]
    },
    {
      "port_id": "fl-tpa",
      "state": "FL",
      "city": "Tampa",
      "port_name": "Port Tampa Bay",
      "pill_group": "Florida",
      "popularity_rank_within_state": 4,
      "cruise_lines": {
        "RCL": true,
        "Carnival": true,
        "NCL": true
      },
      "airports": [
        {
          "code": "TPA",
          "name": "Tampa International",
          "distance_miles_approx": 9,
          "drive_time_offpeak_min_approx": 20,
          "notes": "Primary; efficient"
        },
        {
          "code": "PIE",
          "name": "St. Pete–Clearwater",
          "distance_miles_approx": 17,
          "drive_time_offpeak_min_approx": 30,
          "notes": "Secondary; Allegiant focus"
        },
        {
          "code": "SRQ",
          "name": "Sarasota–Bradenton",
          "distance_miles_approx": 50,
          "drive_time_offpeak_min_approx": 60,
          "notes": "Backup"
        }
      ],
      "notes": "",
      "warnings": [
        "Bridges & causeways (Howard Frankland) slow at rush hour"
      ]
    },
    {
      "port_id": "tx-galveston",
      "state": "TX",
      "city": "Galveston",
      "port_name": "Port of Galveston",
      "pill_group": "Texas",
      "popularity_rank_within_state": 1,
      "cruise_lines": {
        "RCL": true,
        "Carnival": true,
        "Disney": true,
        "Princess": true
      },
      "airports": [
        {
          "code": "HOU",
          "name": "Houston Hobby",
          "distance_miles_approx": 42,
          "drive_time_offpeak_min_approx": 55,
          "notes": "Closest major"
        },
        {
          "code": "IAH",
          "name": "Houston Intercontinental",
          "distance_miles_approx": 71,
          "drive_time_offpeak_min_approx": 85,
          "notes": "Bigger network"
        }
      ],
      "notes": "",
      "warnings": [
        "I-45 roadwork and weekend beach traffic",
        "Fog can occasionally delay sailings in winter"
      ]
    },
    {
      "port_id": "wa-seattle",
      "state": "WA",
      "city": "Seattle",
      "port_name": "Bell Street / Smith Cove",
      "pill_group": "Washington",
      "popularity_rank_within_state": 1,
      "cruise_lines": {
        "RCL": true,
        "Norwegian": true,
        "Princess": true,
        "Holland America": true,
        "Celebrity": true
      },
      "airports": [
        {
          "code": "SEA",
          "name": "Seattle–Tacoma",
          "distance_miles_approx": 15,
          "drive_time_offpeak_min_approx": 25,
          "notes": "Primary SEA; Link+rideshares"
        },
        {
          "code": "PAE",
          "name": "Paine Field (Everett)",
          "distance_miles_approx": 27,
          "drive_time_offpeak_min_approx": 40,
          "notes": "Limited flights"
        }
      ],
      "notes": "",
      "warnings": [
        "I-5 and SR-99 corridors back up; allow buffer"
      ]
    },
    {
      "port_id": "nj-bayonne",
      "state": "NJ",
      "city": "Bayonne (NYC Area)",
      "port_name": "Cape Liberty",
      "pill_group": "New Jersey / NYC",
      "popularity_rank_within_state": 1,
      "cruise_lines": {
        "RCL": true,
        "Celebrity": true
      },
      "airports": [
        {
          "code": "EWR",
          "name": "Newark Liberty",
          "distance_miles_approx": 11,
          "drive_time_offpeak_min_approx": 22,
          "notes": "Closest/fastest"
        },
        {
          "code": "JFK",
          "name": "John F. Kennedy",
          "distance_miles_approx": 36,
          "drive_time_offpeak_min_approx": 60,
          "notes": "Widest long-haul options"
        },
        {
          "code": "LGA",
          "name": "LaGuardia",
          "distance_miles_approx": 30,
          "drive_time_offpeak_min_approx": 55,
          "notes": "Domestic-heavy"
        }
      ],
      "notes": "",
      "warnings": [
        "Bridge/tunnel traffic & tolls (Turnpike/Holland/Lincoln)"
      ]
    },
    {
      "port_id": "md-baltimore",
      "state": "MD",
      "city": "Baltimore",
      "port_name": "Port of Baltimore (South Locust Point)",
      "pill_group": "Maryland",
      "popularity_rank_within_state": 1,
      "cruise_lines": {
        "RCL": true,
        "Carnival": true
      },
      "airports": [
        {
          "code": "BWI",
          "name": "Baltimore/Washington",
          "distance_miles_approx": 12,
          "drive_time_offpeak_min_approx": 25,
          "notes": "Primary"
        },
        {
          "code": "DCA",
          "name": "Reagan National",
          "distance_miles_approx": 43,
          "drive_time_offpeak_min_approx": 60,
          "notes": "Metro+Amtrak options"
        },
        {
          "code": "IAD",
          "name": "Dulles",
          "distance_miles_approx": 62,
          "drive_time_offpeak_min_approx": 75,
          "notes": "International long-haul"
        }
      ],
      "notes": "",
      "warnings": [
        "I-95 & I-695 congestion; Inner Harbor events"
      ]
    },
    {
      "port_id": "ma-boston",
      "state": "MA",
      "city": "Boston",
      "port_name": "Flynn Cruiseport Boston (Black Falcon)",
      "pill_group": "Massachusetts",
      "popularity_rank_within_state": 1,
      "cruise_lines": {
        "RCL": true,
        "Norwegian": true,
        "Princess": true,
        "Holland America": true,
        "Celebrity": true
      },
      "airports": [
        {
          "code": "BOS",
          "name": "Logan International",
          "distance_miles_approx": 4,
          "drive_time_offpeak_min_approx": 12,
          "notes": "Primary; tunnel tolls possible"
        },
        {
          "code": "MHT",
          "name": "Manchester–Boston",
          "distance_miles_approx": 54,
          "drive_time_offpeak_min_approx": 65,
          "notes": "Backup; fewer flights"
        },
        {
          "code": "PVD",
          "name": "Providence (T.F. Green)",
          "distance_miles_approx": 57,
          "drive_time_offpeak_min_approx": 70,
          "notes": "Backup"
        }
      ],
      "notes": "",
      "warnings": [
        "Tunnel traffic and game days (Seaport/South Boston)"
      ]
    },
    {
      "port_id": "la-nola",
      "state": "LA",
      "city": "New Orleans",
      "port_name": "Port NOLA (Erato/Julia)",
      "pill_group": "Louisiana",
      "popularity_rank_within_state": 1,
      "cruise_lines": {
        "RCL": true,
        "Carnival": true,
        "NCL": true
      },
      "airports": [
        {
          "code": "MSY",
          "name": "Louis Armstrong New Orleans",
          "distance_miles_approx": 16,
          "drive_time_offpeak_min_approx": 25,
          "notes": "Primary"
        },
        {
          "code": "BTR",
          "name": "Baton Rouge Metro",
          "distance_miles_approx": 81,
          "drive_time_offpeak_min_approx": 95,
          "notes": "Backup; limited"
        },
        {
          "code": "GPT",
          "name": "Gulfport–Biloxi",
          "distance_miles_approx": 80,
          "drive_time_offpeak_min_approx": 95,
          "notes": "Gulf Coast option"
        }
      ],
      "notes": "",
      "warnings": [
        "Saints home games & festivals increase traffic and hotel rates"
      ]
    },
    {
      "port_id": "al-mobile",
      "state": "AL",
      "city": "Mobile",
      "port_name": "Mobile Alabama Cruise Terminal",
      "pill_group": "Alabama",
      "popularity_rank_within_state": 1,
      "cruise_lines": {
        "RCL": false,
        "Carnival": true
      },
      "airports": [
        {
          "code": "MOB",
          "name": "Mobile Regional",
          "distance_miles_approx": 18,
          "drive_time_offpeak_min_approx": 30,
          "notes": "Closest; regional flights"
        },
        {
          "code": "PNS",
          "name": "Pensacola International",
          "distance_miles_approx": 60,
          "drive_time_offpeak_min_approx": 70,
          "notes": "Good backup from many hubs"
        },
        {
          "code": "GPT",
          "name": "Gulfport–Biloxi",
          "distance_miles_approx": 70,
          "drive_time_offpeak_min_approx": 80,
          "notes": "Mississippi Coast option"
        },
        {
          "code": "MSY",
          "name": "Louis Armstrong New Orleans",
          "distance_miles_approx": 150,
          "drive_time_offpeak_min_approx": 140,
          "notes": "Farther but wide network"
        }
      ],
      "notes": "",
      "warnings": [
        "I-10 Bayway congestion; causeway & bridge traffic at rush hour"
      ]
    },
    {
      "port_id": "va-norfolk",
      "state": "VA",
      "city": "Norfolk",
      "port_name": "Decker Half Moone Cruise Center",
      "pill_group": "Virginia",
      "popularity_rank_within_state": 1,
      "cruise_lines": {
        "RCL": true,
        "Carnival": true
      },
      "airports": [
        {
          "code": "ORF",
          "name": "Norfolk International",
          "distance_miles_approx": 9,
          "drive_time_offpeak_min_approx": 18,
          "notes": "Primary; close-in"
        },
        {
          "code": "PHF",
          "name": "Newport News/Williamsburg",
          "distance_miles_approx": 25,
          "drive_time_offpeak_min_approx": 35,
          "notes": "Across the water"
        },
        {
          "code": "RIC",
          "name": "Richmond International",
          "distance_miles_approx": 95,
          "drive_time_offpeak_min_approx": 100,
          "notes": "Major backup option"
        }
      ],
      "notes": "",
      "warnings": [
        "Bridge-tunnel backups (HRBT/Monitor–Merrimac); summer beach traffic"
      ]
    },
    {
      "port_id": "ak-seward",
      "state": "AK",
      "city": "Seward",
      "port_name": "Port of Seward",
      "pill_group": "Alaska",
      "popularity_rank_within_state": 1,
      "cruise_lines": {
        "RCL": true,
        "Holland America": true,
        "Princess": true
      },
      "airports": [
        {
          "code": "ANC",
          "name": "Ted Stevens Anchorage",
          "distance_miles_approx": 127,
          "drive_time_offpeak_min_approx": 150,
          "notes": "Rail/bus/shuttle; scenic Seward Hwy"
        }
      ],
      "notes": "",
      "warnings": [
        "Weather/fog; summer roadwork; wildlife crossings"
      ]
    },
    {
      "port_id": "ak-whittier",
      "state": "AK",
      "city": "Whittier",
      "port_name": "Port of Whittier",
      "pill_group": "Alaska",
      "popularity_rank_within_state": 2,
      "cruise_lines": {
        "RCL": true,
        "Princess": true
      },
      "airports": [
        {
          "code": "ANC",
          "name": "Ted Stevens Anchorage",
          "distance_miles_approx": 60,
          "drive_time_offpeak_min_approx": 90,
          "notes": "Anton Anderson Tunnel timed one-way"
        }
      ],
      "notes": "",
      "warnings": [
        "Tunnel schedule; weather; rental car scarcity at times"
      ]
    },
    {
      "port_id": "pr-san-juan",
      "state": "PR",
      "city": "San Juan",
      "port_name": "San Juan Cruise Port",
      "pill_group": "Puerto Rico",
      "popularity_rank_within_state": 1,
      "cruise_lines": {
        "RCL": true,
        "Carnival": true,
        "NCL": true,
        "MSC": true,
        "Celebrity": true,
        "Princess": true
      },
      "airports": [
        {
          "code": "SJU",
          "name": "Luis Muñoz Marín",
          "distance_miles_approx": 8,
          "drive_time_offpeak_min_approx": 20,
          "notes": "Primary"
        }
      ],
      "notes": "",
      "warnings": [
        "Old San Juan events & narrow streets; allow buffer"
      ]
    }
  ]
}