{
  "version": "1.0",
  "ship_slug": "grandeur-of-the-seas",
  "items": [
    {
      "id": "vse:ship:theater-productions",
      "slug": "theater-productions",
      "name": "Theater Productions",
      "type": "show",
      "category": "shows",
      "tags": [
        "shows",
        "family"
      ],
      "status": "included",
      "deck": "Palladium Theater",
      "hours_hint": "Evenings"
    },
    {
      "id": "vse:ship:r-bar",
      "slug": "r-bar",
      "deck": "Centrum Deck 4",
      "location_hint": "Atrium"
    },
    {
      "id": "vse:ship:viking-crown-lounge",
      "slug": "viking-crown-lounge",
      "deck": "Deck 11",
      "hours_hint": "Late night"
    },
    {
      "id": "vse:ship:oasis-bar",
      "slug": "oasis-bar",
      "deck": "Pool Deck",
      "hours_hint": "Daytime"
    }
  ]
}