{
  "version": "0.3",
  "generated_at": "2025-10-20T14:15:32Z",
  "about": "Planning data for U.S. (and PR) Royal Caribbean embarkation ports with nearby airports, typical drive times, distances, and travel cautions. Compatible with v0.2 schema.",
  "schema": {
    "regions": [
      {
        "region_id": "string",
        "region_name": "string",
        "states": [
          "US-XX"
        ],
        "ports": [
          {
            "port_id": "string",
            "display_name": "string",
            "city": "string",
            "state": "US-XX or PR",
            "aka": [
              "alternate names"
            ],
            "coordinates": {
              "lat": "number",
              "lng": "number"
            },
            "airports": [
              {
                "iata": "string",
                "display_name": "string",
                "city": "string",
                "primary": "bool",
                "distance_miles": "number (approx)",
                "typical_drive_minutes": "number (median, non-rush)",
                "notes": [
                  "string"
                ]
              }
            ],
            "ground": {
              "rideshare_allowed": "bool",
              "rideshare_notes": "string",
              "cruise_shuttle_available": "bool",
              "tolls_common": "bool"
            },
            "cautions": [
              "string"
            ],
            "seasonality": "string (if seasonal)",
            "popularity_rank_in_state": "integer (lower = more popular)"
          }
        ]
      }
    ]
  }
}