{
  "version": "0.3",
  "generated_at": "2025-10-20T14:15:32Z",
  "source": "In the Wake \u2013 hand-curated seed (to be reconciled with GROK ingestion).",
  "regions": [
    {
      "region_id": "ny_nj",
      "region_name": "New York & New Jersey",
      "states": [
        "US-NY",
        "US-NJ"
      ],
      "ports": [
        {
          "port_id": "bayonne_cape_liberty",
          "display_name": "Cape Liberty Cruise Port",
          "city": "Bayonne",
          "state": "US-NJ",
          "aka": [
            "Port of New Jersey",
            "Bayonne"
          ],
          "coordinates": {
            "lat": 40.673,
            "lng": -74.067
          },
          "airports": [
            {
              "iata": "EWR",
              "display_name": "Newark Liberty International",
              "city": "Newark, NJ",
              "primary": true,
              "distance_miles": 10,
              "typical_drive_minutes": 20,
              "notes": [
                "Fastest/closest; tunnels/bridges can surge at rush hour."
              ]
            },
            {
              "iata": "JFK",
              "display_name": "John F. Kennedy International",
              "city": "Queens, NY",
              "primary": false,
              "distance_miles": 35,
              "typical_drive_minutes": 55,
              "notes": [
                "Belt Pkwy/Verrazzano or Midtown tunnels; allow generous buffer."
              ]
            },
            {
              "iata": "LGA",
              "display_name": "LaGuardia",
              "city": "Queens, NY",
              "primary": false,
              "distance_miles": 26,
              "typical_drive_minutes": 45,
              "notes": [
                "RFK/Triborough or Midtown tunnels; construction can add delays."
              ]
            }
          ],
          "ground": {
            "rideshare_allowed": true,
            "rideshare_notes": "Lyft/Uber widely available; check pickup zones signed at airport/port.",
            "cruise_shuttle_available": true,
            "tolls_common": true
          },
          "cautions": [
            "Peak traffic around Hudson River crossings/tunnels.",
            "Event days in Manhattan can create regional delays.",
            "Winter storms may impact bridges and airport ops."
          ],
          "seasonality": "Year-round",
          "popularity_rank_in_state": 1
        }
      ]
    },
    {
      "region_id": "mid_atlantic_md",
      "region_name": "Mid-Atlantic (Maryland)",
      "states": [
        "US-MD",
        "US-DC",
        "US-VA"
      ],
      "ports": [
        {
          "port_id": "baltimore_md",
          "display_name": "Port of Baltimore (Maryland Cruise Terminal)",
          "city": "Baltimore",
          "state": "US-MD",
          "aka": [
            "Maryland Cruise Terminal"
          ],
          "coordinates": {
            "lat": 39.269,
            "lng": -76.612
          },
          "airports": [
            {
              "iata": "BWI",
              "display_name": "Baltimore/Washington Intl (Thurgood Marshall)",
              "city": "Baltimore, MD",
              "primary": true,
              "distance_miles": 12,
              "typical_drive_minutes": 20,
              "notes": [
                "Easiest option; direct rideshare/taxi lines."
              ]
            },
            {
              "iata": "DCA",
              "display_name": "Ronald Reagan Washington National",
              "city": "Arlington, VA",
              "primary": false,
              "distance_miles": 42,
              "typical_drive_minutes": 60,
              "notes": [
                "I-295/I-95 traffic sensitive to rush hour."
              ]
            },
            {
              "iata": "IAD",
              "display_name": "Washington Dulles International",
              "city": "Dulles, VA",
              "primary": false,
              "distance_miles": 61,
              "typical_drive_minutes": 80,
              "notes": [
                "Dulles Access Rd + I-495; add buffer."
              ]
            }
          ],
          "ground": {
            "rideshare_allowed": true,
            "rideshare_notes": "Lyft/Uber widely available; check pickup zones signed at airport/port.",
            "cruise_shuttle_available": true,
            "tolls_common": false
          },
          "cautions": [
            "I-95 corridor congestion varies widely by time of day.",
            "Weekend sports/events can spike downtown traffic."
          ],
          "seasonality": "Year-round",
          "popularity_rank_in_state": 2
        }
      ]
    },
    {
      "region_id": "new_england_ma",
      "region_name": "New England (Massachusetts)",
      "states": [
        "US-MA"
      ],
      "ports": [
        {
          "port_id": "boston_flynn",
          "display_name": "Flynn Cruiseport Boston (Black Falcon)",
          "city": "Boston",
          "state": "US-MA",
          "aka": [
            "Black Falcon Terminal"
          ],
          "coordinates": {
            "lat": 42.346,
            "lng": -71.034
          },
          "airports": [
            {
              "iata": "BOS",
              "display_name": "Boston Logan International",
              "city": "Boston, MA",
              "primary": true,
              "distance_miles": 4,
              "typical_drive_minutes": 15,
              "notes": [
                "Ted Williams Tunnel can back up; allow margin."
              ]
            },
            {
              "iata": "PVD",
              "display_name": "T.F. Green International",
              "city": "Providence, RI",
              "primary": false,
              "distance_miles": 60,
              "typical_drive_minutes": 85,
              "notes": [
                "MBTA/Amtrak alternatives possible via South Station."
              ]
            }
          ],
          "ground": {
            "rideshare_allowed": true,
            "rideshare_notes": "Lyft/Uber widely available; check pickup zones signed at airport/port.",
            "cruise_shuttle_available": true,
            "tolls_common": true
          },
          "cautions": [
            "Tunnel closures/traffic vary\u2014watch live conditions.",
            "Fog and nor\u2019easters can add airport/road delays."
          ],
          "seasonality": "Seasonal (spring\u2013fall typical)",
          "popularity_rank_in_state": 1
        }
      ]
    },
    {
      "region_id": "pacific_northwest_wa",
      "region_name": "Pacific Northwest (Washington)",
      "states": [
        "US-WA"
      ],
      "ports": [
        {
          "port_id": "seattle_pier_91",
          "display_name": "Seattle \u2013 Smith Cove Cruise Terminal (Pier 91)",
          "city": "Seattle",
          "state": "US-WA",
          "aka": [
            "Pier 91",
            "Smith Cove"
          ],
          "coordinates": {
            "lat": 47.629,
            "lng": -122.377
          },
          "airports": [
            {
              "iata": "SEA",
              "display_name": "Seattle\u2013Tacoma International",
              "city": "SeaTac, WA",
              "primary": true,
              "distance_miles": 16,
              "typical_drive_minutes": 30,
              "notes": [
                "I-5/I-99 can be slow at peak; Link + rideshare works."
              ]
            },
            {
              "iata": "PAE",
              "display_name": "Paine Field (Everett)",
              "city": "Everett, WA",
              "primary": false,
              "distance_miles": 30,
              "typical_drive_minutes": 45,
              "notes": [
                "Limited routes; check schedules."
              ]
            }
          ],
          "ground": {
            "rideshare_allowed": true,
            "rideshare_notes": "Lyft/Uber widely available; check pickup zones signed at airport/port.",
            "cruise_shuttle_available": true,
            "tolls_common": false
          },
          "cautions": [
            "I-5 congestion and sports events impact downtown.",
            "Peak cruise days raise rideshare wait times.",
            "Early spring/fall storms can affect ferries/roads."
          ],
          "seasonality": "Seasonal (Alaska season, late spring\u2013early fall)",
          "popularity_rank_in_state": 1
        }
      ]
    },
    {
      "region_id": "gulf_coast_la",
      "region_name": "Gulf Coast (Louisiana)",
      "states": [
        "US-LA"
      ],
      "ports": [
        {
          "port_id": "new_orleans_erato",
          "display_name": "Port of New Orleans \u2013 Erato Street Cruise Terminal",
          "city": "New Orleans",
          "state": "US-LA",
          "aka": [
            "Erato Street Terminal"
          ],
          "coordinates": {
            "lat": 29.938,
            "lng": -90.065
          },
          "airports": [
            {
              "iata": "MSY",
              "display_name": "Louis Armstrong New Orleans Intl",
              "city": "Kenner, LA",
              "primary": true,
              "distance_miles": 16,
              "typical_drive_minutes": 25,
              "notes": [
                "I-10 + surface streets; events can slow CBD."
              ]
            },
            {
              "iata": "BTR",
              "display_name": "Baton Rouge Metro",
              "city": "Baton Rouge, LA",
              "primary": false,
              "distance_miles": 80,
              "typical_drive_minutes": 100,
              "notes": [
                "Back-up option; limited service."
              ]
            }
          ],
          "ground": {
            "rideshare_allowed": true,
            "rideshare_notes": "Lyft/Uber widely available; check pickup zones signed at airport/port.",
            "cruise_shuttle_available": true,
            "tolls_common": false
          },
          "cautions": [
            "Parades/festivals and river closures can impact access.",
            "Summer thunderstorms may cause brief flooding on arterials."
          ],
          "seasonality": "Year-round",
          "popularity_rank_in_state": 1
        }
      ]
    },
    {
      "region_id": "caribbean_pr",
      "region_name": "Caribbean (Puerto Rico)",
      "states": [
        "PR"
      ],
      "ports": [
        {
          "port_id": "san_juan_pr",
          "display_name": "San Juan Cruise Port (Old San Juan)",
          "city": "San Juan",
          "state": "PR",
          "aka": [
            "Muelle Panamericano (alternate terminals)"
          ],
          "coordinates": {
            "lat": 18.465,
            "lng": -66.111
          },
          "airports": [
            {
              "iata": "SJU",
              "display_name": "Luis Mu\u00f1oz Mar\u00edn International",
              "city": "Carolina/San Juan, PR",
              "primary": true,
              "distance_miles": 8,
              "typical_drive_minutes": 20,
              "notes": [
                "Rideshare/taxi plentiful; traffic varies by time of day."
              ]
            }
          ],
          "ground": {
            "rideshare_allowed": true,
            "rideshare_notes": "Lyft/Uber widely available; check pickup zones signed at airport/port.",
            "cruise_shuttle_available": true,
            "tolls_common": false
          },
          "cautions": [
            "Peak arrival days can clog Old San Juan streets.",
            "Hurricane season (Jun\u2013Nov) may affect flight ops."
          ],
          "seasonality": "Year-round",
          "popularity_rank_in_state": 1
        }
      ]
    },
    {
      "region_id": "southern_california",
      "region_name": "Southern California",
      "states": [
        "US-CA"
      ],
      "ports": [
        {
          "port_id": "los_angeles_san_pedro",
          "display_name": "Port of Los Angeles \u2013 World Cruise Center (San Pedro)",
          "city": "Los Angeles (San Pedro)",
          "state": "US-CA",
          "aka": [
            "LA World Cruise Center",
            "San Pedro"
          ],
          "coordinates": {
            "lat": 33.742,
            "lng": -118.277
          },
          "airports": [
            {
              "iata": "LAX",
              "display_name": "Los Angeles International",
              "city": "Los Angeles, CA",
              "primary": true,
              "distance_miles": 20,
              "typical_drive_minutes": 35,
              "notes": [
                "I-405/I-110 corridors; weekend midday often smoother."
              ]
            },
            {
              "iata": "LGB",
              "display_name": "Long Beach Airport",
              "city": "Long Beach, CA",
              "primary": false,
              "distance_miles": 22,
              "typical_drive_minutes": 30,
              "notes": [
                "Small/easy; great backup when routes fit."
              ]
            },
            {
              "iata": "SNA",
              "display_name": "John Wayne Airport",
              "city": "Santa Ana, CA",
              "primary": false,
              "distance_miles": 38,
              "typical_drive_minutes": 50,
              "notes": [
                "Consider toll lanes (FasTrak) on SR-73/I-405."
              ]
            }
          ],
          "ground": {
            "rideshare_allowed": true,
            "rideshare_notes": "Lyft/Uber widely available; check pickup zones signed at airport/port.",
            "cruise_shuttle_available": true,
            "tolls_common": true
          },
          "cautions": [
            "LA traffic patterns vary; avoid weekday PM peak if possible.",
            "Harbor area events can impact parking/approach roads."
          ],
          "seasonality": "Year-round (itineraries vary)",
          "popularity_rank_in_state": 1
        }
      ]
    }
  ]
}