{
  "version": "0.2.0",
  "entities": {
    "Region": {
      "fields": [
        "name",
        "slug",
        "states"
      ]
    },
    "State": {
      "fields": [
        "code",
        "name",
        "slug",
        "order_hint",
        "ports",
        "intra_state_travel"
      ]
    },
    "Port": {
      "fields": [
        "id",
        "name",
        "city",
        "slug",
        "popular_for",
        "cruise_lines",
        "airports",
        "parking",
        "notes"
      ]
    },
    "AirportLink": {
      "fields": [
        "iata",
        "name",
        "city",
        "distance_miles",
        "typical_drive_minutes",
        "notes"
      ]
    },
    "TravelEdge": {
      "fields": [
        "from",
        "to",
        "distance_miles",
        "typical_drive_minutes"
      ]
    }
  },
  "ui_blocks": {
    "pills": [
      "state",
      "port",
      "airport"
    ],
    "detail_sections": [
      "overview",
      "airports",
      "parking",
      "notes"
    ]
  },
  "disclaimers": [
    "Drive times are approximate and vary with traffic, weather, and events.",
    "Verify terminal assignments and security procedures the week of sailing."
  ]
}