{
  "version": "0.2.0",
  "generated_at": "2025-10-20T14:11:03.101001Z",
  "source_notes": [
    "Seeded from user-provided DOCX (Grok output) + canonicalization in this pass.",
    "Distances and drive times are approximate; verify before travel, especially during peak hours or adverse conditions."
  ],
  "general": {
    "blurb": "Planning a cruise should feel like steady water. We collect the practical details—ports, airports, and ground connections—so your decisions are simple and confident. Start with a home port, choose your best airport, and use our time/distance notes to plan arrivals, overnights, and buffers with peace of mind.",
    "tips": [
      "Fly in the day before embarkation when possible; morning-of works only with generous buffers.",
      "Price both ‘obvious’ and secondary airports—sometimes the drive is longer but total cost is lower.",
      "Use ride-share pickup zones noted by each port; cruise-day traffic patterns can change curb access.",
      "Set your phone to Ship Time the night before sailing to avoid mix-ups on embarkation morning.",
      "Leave room in the plan for delays (weather, traffic, bridge lifts). Buffers are your best friend."
    ],
    "warnings": [
      "Rush-hour traffic on I‑95 (South Florida) and I‑4 (Orlando) can double drive times—pad your schedule.",
      "Tolls may apply (e.g., FL Turnpike, express lanes). Keep a transponder or plan for rental-car toll programs.",
      "Bridge openings and port security queues can add 10–30 minutes near terminals.",
      "Holiday weekends and major events (Art Basel, Miami Boat Show, Daytona 500, spring break) cause surges."
    ]
  },
  "regions": [
    {
      "name": "United States",
      "slug": "us",
      "states": [
        {
          "code": "FL",
          "name": "Florida",
          "slug": "florida",
          "order_hint": 1,
          "ports": [
            {
              "id": "portmiami",
              "name": "PortMiami",
              "city": "Miami, FL",
              "slug": "miami",
              "popular_for": [
                "Caribbean",
                "Bahamas"
              ],
              "cruise_lines": [
                "Royal Caribbean"
              ],
              "airports": [
                {
                  "iata": "MIA",
                  "name": "Miami International",
                  "city": "Miami, FL",
                  "distance_miles": 8,
                  "typical_drive_minutes": [
                    15,
                    25
                  ],
                  "notes": "Ride-share zone: Arrivals Level; look for designated pickup islands."
                },
                {
                  "iata": "FLL",
                  "name": "Fort Lauderdale–Hollywood Intl",
                  "city": "Fort Lauderdale, FL",
                  "distance_miles": 27,
                  "typical_drive_minutes": [
                    35,
                    60
                  ],
                  "notes": "I‑95 traffic varies widely by time of day."
                },
                {
                  "iata": "PBI",
                  "name": "Palm Beach Intl",
                  "city": "West Palm Beach, FL",
                  "distance_miles": 72,
                  "typical_drive_minutes": [
                    75,
                    105
                  ],
                  "notes": "Consider Tri‑Rail + Metrorail as a budget alternative off‑peak."
                }
              ],
              "parking": {
                "onsite": true,
                "notes": "Garage & surface parking near terminals; arrive early on weekends."
              },
              "notes": "Allow extra time when multiple megaships are in port."
            },
            {
              "id": "everglades",
              "name": "Port Everglades",
              "city": "Fort Lauderdale, FL",
              "slug": "fort-lauderdale",
              "popular_for": [
                "Caribbean",
                "Bahamas"
              ],
              "cruise_lines": [
                "Royal Caribbean"
              ],
              "airports": [
                {
                  "iata": "FLL",
                  "name": "Fort Lauderdale–Hollywood Intl",
                  "city": "Fort Lauderdale, FL",
                  "distance_miles": 3,
                  "typical_drive_minutes": [
                    10,
                    20
                  ],
                  "notes": "Very short transfer; cruise-day traffic can still add queue time."
                },
                {
                  "iata": "MIA",
                  "name": "Miami International",
                  "city": "Miami, FL",
                  "distance_miles": 29,
                  "typical_drive_minutes": [
                    40,
                    65
                  ],
                  "notes": "I‑95/HOV lanes can help off‑peak."
                },
                {
                  "iata": "PBI",
                  "name": "Palm Beach Intl",
                  "city": "West Palm Beach, FL",
                  "distance_miles": 49,
                  "typical_drive_minutes": [
                    50,
                    80
                  ],
                  "notes": "Tri‑Rail connects PBI↔FLL with local transfers."
                }
              ],
              "parking": {
                "onsite": true,
                "notes": "Multiple garages by terminals; signage is clear."
              },
              "notes": "Terminal assignments often change—check your cruise documents the week of sailing."
            },
            {
              "id": "canaveral",
              "name": "Port Canaveral",
              "city": "Cape Canaveral, FL",
              "slug": "canaveral",
              "popular_for": [
                "Bahamas",
                "Caribbean"
              ],
              "cruise_lines": [
                "Royal Caribbean"
              ],
              "airports": [
                {
                  "iata": "MCO",
                  "name": "Orlando International",
                  "city": "Orlando, FL",
                  "distance_miles": 46,
                  "typical_drive_minutes": [
                    50,
                    70
                  ],
                  "notes": "SR‑528 Beachline (toll) is the usual route; watch for theme-park peaks."
                },
                {
                  "iata": "MLB",
                  "name": "Melbourne Orlando Intl",
                  "city": "Melbourne, FL",
                  "distance_miles": 26,
                  "typical_drive_minutes": [
                    35,
                    50
                  ],
                  "notes": "Smaller airport; limited nonstop options."
                },
                {
                  "iata": "SFB",
                  "name": "Orlando Sanford Intl",
                  "city": "Sanford, FL",
                  "distance_miles": 62,
                  "typical_drive_minutes": [
                    65,
                    90
                  ],
                  "notes": "Popular with ULCCs; rental cars often cheaper."
                }
              ],
              "parking": {
                "onsite": true,
                "notes": "Garage/surface lots adjacent to most terminals; off‑site shuttles available."
              },
              "notes": "Watch for rocket launch closures impacting SR‑528/port access on select days."
            },
            {
              "id": "tampa",
              "name": "Port Tampa Bay",
              "city": "Tampa, FL",
              "slug": "tampa",
              "popular_for": [
                "Western Caribbean"
              ],
              "cruise_lines": [
                "Royal Caribbean"
              ],
              "airports": [
                {
                  "iata": "TPA",
                  "name": "Tampa International",
                  "city": "Tampa, FL",
                  "distance_miles": 9,
                  "typical_drive_minutes": [
                    15,
                    25
                  ],
                  "notes": "Downtown traffic varies during events (Amalie Arena, Gasparilla)."
                },
                {
                  "iata": "PIE",
                  "name": "St. Pete–Clearwater Intl",
                  "city": "Clearwater, FL",
                  "distance_miles": 19,
                  "typical_drive_minutes": [
                    25,
                    40
                  ],
                  "notes": "Bridge traffic may add time (Howard Frankland)."
                }
              ],
              "parking": {
                "onsite": true,
                "notes": "Channelside garages; off-site lots with shuttles can be cheaper."
              },
              "notes": "Check cruise-day events (sports, Gasparilla) that impact parking/traffic."
            },
            {
              "id": "jacksonville",
              "name": "JAXPORT Cruise Terminal",
              "city": "Jacksonville, FL",
              "slug": "jacksonville",
              "popular_for": [
                "Bahamas"
              ],
              "cruise_lines": [
                "Carnival"
              ],
              "airports": [
                {
                  "iata": "JAX",
                  "name": "Jacksonville International",
                  "city": "Jacksonville, FL",
                  "distance_miles": 12,
                  "typical_drive_minutes": [
                    20,
                    30
                  ],
                  "notes": "I‑95/Heckscher corridor can see freight traffic near Blount Island."
                }
              ],
              "parking": {
                "onsite": true,
                "notes": "Surface parking at terminal; arrive early for best proximity."
              },
              "notes": "Cruise terminal north of downtown; allow time for port security."
            }
          ],
          "intra_state_travel": [
            {
              "from": {
                "type": "airport",
                "iata": "MIA"
              },
              "to": {
                "type": "port",
                "id": "portmiami"
              },
              "distance_miles": 8,
              "typical_drive_minutes": [
                15,
                25
              ]
            },
            {
              "from": {
                "type": "airport",
                "iata": "MIA"
              },
              "to": {
                "type": "port",
                "id": "everglades"
              },
              "distance_miles": 29,
              "typical_drive_minutes": [
                40,
                65
              ]
            },
            {
              "from": {
                "type": "airport",
                "iata": "FLL"
              },
              "to": {
                "type": "port",
                "id": "everglades"
              },
              "distance_miles": 3,
              "typical_drive_minutes": [
                10,
                20
              ]
            },
            {
              "from": {
                "type": "airport",
                "iata": "FLL"
              },
              "to": {
                "type": "port",
                "id": "portmiami"
              },
              "distance_miles": 27,
              "typical_drive_minutes": [
                35,
                60
              ]
            },
            {
              "from": {
                "type": "airport",
                "iata": "PBI"
              },
              "to": {
                "type": "port",
                "id": "everglades"
              },
              "distance_miles": 49,
              "typical_drive_minutes": [
                50,
                80
              ]
            },
            {
              "from": {
                "type": "airport",
                "iata": "PBI"
              },
              "to": {
                "type": "port",
                "id": "portmiami"
              },
              "distance_miles": 72,
              "typical_drive_minutes": [
                75,
                105
              ]
            },
            {
              "from": {
                "type": "airport",
                "iata": "MCO"
              },
              "to": {
                "type": "port",
                "id": "canaveral"
              },
              "distance_miles": 46,
              "typical_drive_minutes": [
                50,
                70
              ]
            },
            {
              "from": {
                "type": "airport",
                "iata": "MLB"
              },
              "to": {
                "type": "port",
                "id": "canaveral"
              },
              "distance_miles": 26,
              "typical_drive_minutes": [
                35,
                50
              ]
            },
            {
              "from": {
                "type": "airport",
                "iata": "SFB"
              },
              "to": {
                "type": "port",
                "id": "canaveral"
              },
              "distance_miles": 62,
              "typical_drive_minutes": [
                65,
                90
              ]
            },
            {
              "from": {
                "type": "airport",
                "iata": "TPA"
              },
              "to": {
                "type": "port",
                "id": "tampa"
              },
              "distance_miles": 9,
              "typical_drive_minutes": [
                15,
                25
              ]
            },
            {
              "from": {
                "type": "airport",
                "iata": "PIE"
              },
              "to": {
                "type": "port",
                "id": "tampa"
              },
              "distance_miles": 19,
              "typical_drive_minutes": [
                25,
                40
              ]
            },
            {
              "from": {
                "type": "airport",
                "iata": "JAX"
              },
              "to": {
                "type": "port",
                "id": "jacksonville"
              },
              "distance_miles": 12,
              "typical_drive_minutes": [
                20,
                30
              ]
            },
            {
              "from": {
                "type": "port",
                "id": "portmiami"
              },
              "to": {
                "type": "port",
                "id": "everglades"
              },
              "distance_miles": 28,
              "typical_drive_minutes": [
                35,
                60
              ]
            },
            {
              "from": {
                "type": "port",
                "id": "portmiami"
              },
              "to": {
                "type": "port",
                "id": "canaveral"
              },
              "distance_miles": 210,
              "typical_drive_minutes": [
                210,
                260
              ]
            },
            {
              "from": {
                "type": "port",
                "id": "portmiami"
              },
              "to": {
                "type": "port",
                "id": "tampa"
              },
              "distance_miles": 285,
              "typical_drive_minutes": [
                260,
                320
              ]
            },
            {
              "from": {
                "type": "port",
                "id": "everglades"
              },
              "to": {
                "type": "port",
                "id": "canaveral"
              },
              "distance_miles": 200,
              "typical_drive_minutes": [
                200,
                250
              ]
            }
          ]
        }
      ]
    }
  ]
}