{
  "version": "1.0.0",
  "updated_utc": "2025-10-13T00:00:00Z",
  "items": [
    {
      "id": "vse:fleet:schooner-bar",
      "slug": "schooner-bar",
      "name": "Schooner Bar",
      "type": "venue",
      "category": "bar",
      "tags": [
        "bar",
        "music",
        "adults"
      ],
      "status": "paid",
      "links": [
        {
          "rel": "profile",
          "href": "/restaurants/rcl/schooner-bar.html",
          "label": "Open Schooner Bar \u2192"
        }
      ]
    },
    {
      "id": "vse:fleet:boleros",
      "slug": "boleros",
      "name": "Boleros",
      "type": "venue",
      "category": "bar",
      "tags": [
        "bar",
        "music",
        "adults",
        "latin"
      ],
      "status": "paid"
    },
    {
      "id": "vse:fleet:casino-royale-bar",
      "slug": "casino-royale-bar",
      "name": "Casino Royale Bar",
      "type": "venue",
      "category": "bar",
      "tags": [
        "bar",
        "adults",
        "casino"
      ],
      "status": "paid"
    },
    {
      "id": "vse:fleet:pool-bar",
      "slug": "pool-bar",
      "name": "Pool Bar",
      "type": "venue",
      "category": "bar",
      "tags": [
        "bar",
        "outdoor",
        "adults"
      ],
      "status": "paid"
    },
    {
      "id": "vse:fleet:solarium-bar",
      "slug": "solarium-bar",
      "name": "Solarium Bar",
      "type": "venue",
      "category": "bar",
      "tags": [
        "bar",
        "solarium",
        "adults"
      ],
      "status": "paid"
    },
    {
      "id": "vse:fleet:vintages",
      "slug": "vintages",
      "name": "Vintages (Wine Bar)",
      "type": "venue",
      "category": "bar",
      "tags": [
        "bar",
        "wine",
        "adults"
      ],
      "status": "paid"
    },
    {
      "id": "vse:fleet:champagne-bar",
      "slug": "champagne-bar",
      "name": "Champagne Bar",
      "type": "venue",
      "category": "bar",
      "tags": [
        "bar",
        "adults",
        "pre-dinner"
      ],
      "status": "paid"
    },
    {
      "id": "vse:fleet:r-bar",
      "slug": "r-bar",
      "name": "R Bar",
      "type": "venue",
      "category": "bar",
      "tags": [
        "bar",
        "adults",
        "martini"
      ],
      "status": "paid"
    },
    {
      "id": "vse:fleet:main-dining-room",
      "slug": "main-dining-room",
      "name": "Main Dining Room",
      "type": "venue",
      "category": "included",
      "tags": [
        "venue",
        "included",
        "main-dining"
      ],
      "status": "included",
      "links": [
        {
          "rel": "profile",
          "href": "/restaurants/rcl/main-dining-room.html",
          "label": "View menus \u2192"
        }
      ]
    },
    {
      "id": "vse:fleet:windjammer-cafe",
      "slug": "windjammer-cafe",
      "name": "Windjammer Caf\u00e9",
      "type": "venue",
      "category": "included",
      "tags": [
        "venue",
        "included",
        "buffet"
      ],
      "status": "included",
      "links": [
        {
          "rel": "profile",
          "href": "/restaurants/rcl/windjammer.html",
          "label": "See profile \u2192"
        }
      ]
    },
    {
      "id": "vse:fleet:chops-grille",
      "slug": "chops-grille",
      "name": "Chops Grille",
      "type": "venue",
      "category": "specialty",
      "tags": [
        "venue",
        "specialty",
        "steakhouse"
      ],
      "status": "paid",
      "links": [
        {
          "rel": "profile",
          "href": "/restaurants/rcl/chops-grille.html",
          "label": "Open Chops \u2192"
        }
      ]
    },
    {
      "id": "vse:fleet:giovannis-table",
      "slug": "giovannis-table",
      "name": "Giovanni\u2019s Table",
      "type": "venue",
      "category": "specialty",
      "tags": [
        "venue",
        "specialty",
        "italian"
      ],
      "status": "paid",
      "links": [
        {
          "rel": "profile",
          "href": "/restaurants/rcl/giovannis-table.html",
          "label": "Open Giovanni\u2019s \u2192"
        }
      ]
    },
    {
      "id": "vse:fleet:park-cafe",
      "slug": "park-cafe",
      "name": "Park Caf\u00e9",
      "type": "venue",
      "category": "included",
      "tags": [
        "venue",
        "included",
        "cafe"
      ],
      "status": "included",
      "links": [
        {
          "rel": "profile",
          "href": "/restaurants/rcl/park-cafe.html",
          "label": "Open Park Caf\u00e9 \u2192"
        }
      ]
    }
  ],
  "meta": {
    "source": "fleet",
    "notes": "RCI fleet-wide seeds (bars + core dining)"
  }
}