{
  "version": "1.0.0",
  "class_slug": "vision",
  "updated_utc": "2025-10-13T00:00:00Z",
  "items": [
    {
      "id": "vse:class:viking-crown-lounge",
      "slug": "viking-crown-lounge",
      "name": "Viking Crown Lounge",
      "type": "venue",
      "category": "bar",
      "tags": [
        "bar",
        "viking-crown",
        "views",
        "adults"
      ],
      "status": "paid"
    },
    {
      "id": "vse:class:windjammer-bar",
      "slug": "windjammer-bar",
      "name": "Windjammer Bar",
      "type": "venue",
      "category": "bar",
      "tags": [
        "bar",
        "buffet",
        "casual"
      ],
      "status": "paid"
    },
    {
      "id": "vse:class:oasis-bar",
      "slug": "oasis-bar",
      "name": "Oasis Bar",
      "type": "venue",
      "category": "bar",
      "tags": [
        "bar",
        "outdoor"
      ],
      "status": "paid"
    },
    {
      "id": "vse:class:sky-bar",
      "slug": "sky-bar",
      "name": "Sky Bar",
      "type": "venue",
      "category": "bar",
      "tags": [
        "bar",
        "views"
      ],
      "status": "paid"
    }
  ]
}